video_id,video_title,description,channel_id,channel_name,published_at,duration_sec,duration_min,is_shorts_guess,view_count,like_count,comment_count,video_url,channel_subscriber_count,channel_video_count,matched_perf_id,matched_title,matched_genre,matched_venue,matched_perf_start,matched_perf_end,video_type,source_type,notes,date_signal,venue_signal,hashtag_categories,is_condensed_official,explicit_title_quote_match,signal_score,suggested_status,flag_reason
yfX44c6p9Ss,"서울시오페라단 ‘베르테르’ 리뷰 (공연 읽어주는 기자, 오페라 리뷰 #2) 무대에 밝은 에너지를 불어넣는 김샤론 (리뷰 후 투명하게 빛나는 김샤론의 아리아가 이어집니다)","공연 읽어주는 기자! 오페라 리뷰 두 번째 시간은 서울시오페라단 ‘베르테르’ 리뷰 ‘긴장을 이완하고, 무대에 밝은 에너지를 불어넣는 김샤론’입니다. 5월 1일부터 4일까지 세종문화회관 대극장에서 공연됩니다. 괴테의 자서전적 소설 ‘젊은 베르테르의 슬픔(Die Leiden des jungen Werthers)’을 기반으로 쥘 마스네가 작곡한 오페라로, 이경재 예술감독, 김광보 연출, 양진모 지휘, 정호정 음악코치, 경기필하모닉오케스트라, 서울시소년소녀합창단이 함께 합니다.",UC7w_EJqzrb0c3MZwzUFkdRA,공연 읽어주는 기자,2019-04-30T14:10:23Z,472,7.87,False,256,3,0,https://www.youtube.com/watch?v=yfX44c6p9Ss,258,285,PF285068,국립오페라단 정기공연: 베르테르,서양음악(클래식),예술의전당 [서울] 오페라극장,2026-04-23,2026-04-26,,,,none,none,0,False,False,0,no_strong_signal,신호 없음
Ewv2h5ovrog,라트라비아타 콘서트 커튼콜 김순영 신상근 양준모 예술의전당 콘서트홀 2023.4.2,,UCZOtSa8Iy8f226zt0aqRsRQ,선물,2023-04-04T04:58:04Z,84,1.4,False,147,2,0,https://www.youtube.com/watch?v=Ewv2h5ovrog,375,137,PF285068,국립오페라단 정기공연: 베르테르,서양음악(클래식),예술의전당 [서울] 오페라극장,2026-04-23,2026-04-26,,,,none,match,0,False,False,2,no_strong_signal,장소 일치
aaSTMoonKKg,[4K] 230803 뮤지컬 〈그날들 The days〉 10주년 기념 공연 ‘ALL THE DAYS’ 커튼콜 (오종혁 focus),"2023-08-03 목 19:30 
뮤지컬 〈그날들〉 10주년 기념 공연,  ‘ALL THE DAYS’ 커튼콜
예술의전당 오페라극장

유준상 오종혁 김지현 이정열 이진희 김산호 박정표 곽나윤 이자영
이슬기 김민중 이한울 장현동 이재혁 신은총 이지원 정우정 양요한 황성산 김민수 이정민 김민협
백중훈 이세옥 김나영 전우형 조대희 박현수 오윤재 정준희 오유진 이현지 김지호 정재훈 최창원


#오종혁배우위주 
무대인사 전은 촬영 불가로 영상 없음.


▪︎2차 수정 및 편집, 재업로드 금지 
▪︎링크로만 공유해 주세요.",UCbyEFkaz2hhYPKASmBUCW7Q,sharpRRAN,2023-08-04T14:09:04Z,247,4.12,False,964,6,0,https://www.youtube.com/watch?v=aaSTMoonKKg,193,334,PF285068,국립오페라단 정기공연: 베르테르,서양음악(클래식),예술의전당 [서울] 오페라극장,2026-04-23,2026-04-26,,,,mismatch,match,0,False,False,0,no_strong_signal,날짜 불일치(다른 회차 가능성); 장소 일치
2r9NZm_BabY,"O soave fanciulla (La Bohème) - G.Puccini (테너 신상근, 소프라노 윤정난)",13.10.2023 남한산성아트홀 대극장,UC56YdNDwhVUbqv1UOnIoW2Q,안드레아팬클럽,2023-10-13T16:10:03Z,262,4.37,False,465,8,0,https://www.youtube.com/watch?v=2r9NZm_BabY,58,9,PF285068,국립오페라단 정기공연: 베르테르,서양음악(클래식),예술의전당 [서울] 오페라극장,2026-04-23,2026-04-26,,,,none,none,0,False,False,0,no_strong_signal,신호 없음
n7yps9S8UBU,서울시오페라단 돈 조반니 개최,"김재완 기자  10월 28일 오후 2시, 세종문화회관 대극장에서 모차르트의 걸작 중 하나이며, 모차르트가 극작가 로렌초 다 폰테와 합작한 작품 중 최고로 꼽히는 돈 조반니 오페라 전막 시연회가 개최되었다.",UCIOyZa2De6OBO1Ut1_WHxKQ,아미뉴스,2019-10-31T13:01:00Z,267,4.45,False,217,2,0,https://www.youtube.com/watch?v=n7yps9S8UBU,7390,619,PF285068,국립오페라단 정기공연: 베르테르,서양음악(클래식),예술의전당 [서울] 오페라극장,2026-04-23,2026-04-26,,,,none,none,0,False,False,0,no_strong_signal,신호 없음
e5QXzq0frGI,[리어왕] 홍보스팟영상(30'),"2021년 하반기 최고의 화제작!
연극 [리어왕 : KING LEAR]

세상에서 가장 완벽하고 위대한 비극!
25명의 배우들이 만들어내는 완벽한 앙상블로 
원전에 충실한 [#리어왕]이 10월 30일 개막합니다.

𝟮𝟬𝟮𝟭.𝟭𝟬.𝟯𝟬 - 𝟭𝟭.𝟮𝟭
예술의전당 𝗖𝗝 토월극장",UCbBhF8HMTmfZkbeerIhKhgw,파크컴퍼니,2021-10-08T01:18:11Z,31,0.52,True,198,3,0,https://www.youtube.com/watch?v=e5QXzq0frGI,1260,286,PF285068,국립오페라단 정기공연: 베르테르,서양음악(클래식),예술의전당 [서울] 오페라극장,2026-04-23,2026-04-26,,,,mismatch,match,0,False,False,0,no_strong_signal,날짜 불일치(다른 회차 가능성); 장소 일치
NiO_7dX6q4c,2020 서울오페라페스티벌 [그랜드오페라갈라쇼] (20.07.02)｜2020 SEOUL OPERA FESTIVAL,"2020 서울오페라페스티벌
모두가 즐기는 [그랜드 오페라 갈라쇼]
일시 : 2020년 7월 2일 오후 7시 30분

지휘 : 성기선
연주 : 코리아쿱 오케스트라
출연 : 소프라노 김성은, 김수연,김순영, 메조소프라노 최승현, 
           테너 신상근, 이승묵, 이재식, 바리톤 이동환

프로그램 : 
1. Die Zauberflöte (W.A.Mozart) 마술피리/모차르트
 - Die Zauberflöte Overture 마술피리 서곡 
코리아쿱오케스트라

2. Die Zauberflöte (W.A.Mozart) 마술피리/모차르트
- Dies Bildniss ist bezaubernd schön 얼마나 아름다운 모습인지
Ten. 신상근

3. Die Zauberflöte (W.A.Mozart) 마술피리/모차르트
- Der Hölle Rache Kocht in meinem Herzen 지옥의 복수심은 내 가슴속에 끓어오르고
Sop. 김수연

4. La Bohème (G.Puccini) 라보엠/푸치니
- Che gelida manina 그대의 찬 손
Ten. 이재식

5. La Bohème (G.Puccini) 라보엠/푸치니
- Si Mi chiamano Mimi 내 이름은 미미
Sop. 김성은

6. La Bohème (G.Puccini) 라보엠/푸치니
- O soave fanciulla 오 사랑스런 아가씨
Sop. 김순영, Ten. 이재식

7. Carmen (G.Bizet) 카르멘/비제
- Carmen Prelude 카르멘 전주곡
코리아쿱오케스트라

8. Carmen (G.Bizet) 카르멘/비제
- Habanera 하바네라
M.Sop. 최승현

9. Carmen (G.Bizet) 카르멘/비제
- Je dis que rien ne m'epouvante 더 이상 당신을 사랑하지 않아요
Sop. 김순영

10. Carmen (G.Bizet) 카르멘/비제
- La fleur que tu m'avais jetee 꽃노래
Ten. 이승묵

11. Carmen (G.Bizet) 카르멘/비제
- Votre Toast 투우사의 노래
Bar. 이동환

12. Rigoletto (G. Verdi) 리골레토/베르디
-È il sol dell’anima 사랑은 영혼의 태양
Sop. 김성은, Ten. 신상근

13. Rigoletto (G. Verdi) 리골레토/베르디
- Caro Nome 사랑하는 그 이름
Sop. 김성은

14. Rigoletto (G. Verdi) 리골레토/베르디
- Si, vendetta 그래, 이제 복수다
Sop. 김순영, Bar. 이동환

15. Rigoletto (G. Verdi) 리골레토/베르디 
- Bella figlia dell’amore 사랑스럽고 아름다운 딸아
Sop. 김수연, M.Sop. 최승현, Ten. 이승묵, Bar. 이동환

16. Rigoletto (G. Verdi) 리골레토/베르디
- La Donna e’ mobile 여자의 마음
Ten. 이승묵, 신상근, 이재식

17. Turandot (G.Puccini) 투란도트/푸치니
- Nessun dorma 공주는 잠 못 이루고
Ten. 이승묵, 신상근, 이재식

18. 이태리 가곡
- Mattinata 아침의 노래
전 출연진

19. La traviata (G.Verdi) 라트라비아타/베르디
- Brindisi 축배의 노래
전 출연진

#오페라 #오페라갈라 #노블아트오페라단 #서울오페라페스티벌 #서울오페라페스티벌2020 #opera #seouloperafestival #sof #operagala #gala #aria #duet #강동아트센터 #소프라노 #테너 #바리톤 #베이스 #성악 #아리아",UCbnKoh1pgrdAXa1IpkSgV-Q,노블아트오페라단NobleArtOPERA,2021-02-22T06:49:50Z,6312,105.2,False,3857,40,3,https://www.youtube.com/watch?v=NiO_7dX6q4c,3600,71,PF285068,국립오페라단 정기공연: 베르테르,서양음악(클래식),예술의전당 [서울] 오페라극장,2026-04-23,2026-04-26,,,,none,none,1,False,False,1,no_strong_signal,신호 없음
nYz914cn3aQ,전체출연진 인사 /사회 허영훈,"나도성악가 데뷔 콘서트
2018년 9월 29일 (토) 오후2시
강북문화예술회관 대공연장",UCV19NjOevqfGA01flvtlyBg, sanggook1 ,2018-10-01T01:49:52Z,98,1.63,False,87,4,0,https://www.youtube.com/watch?v=nYz914cn3aQ,509,1032,PF285068,국립오페라단 정기공연: 베르테르,서양음악(클래식),예술의전당 [서울] 오페라극장,2026-04-23,2026-04-26,,,,none,none,0,False,False,0,no_strong_signal,신호 없음
m4jlHeKa2uo,"신동일 오페라 ""한 아이 이야기""(이지홍 작) 30분 시연회 버전","가족오페라 ""한 아이 이야기"" 30분 시연회 버전
작곡: 신동일 / 극작: 이지홍 / 연출: 장수동 / 지휘: 김홍식
Casts: 정시영(한 아이), 김지단(아빠), 신모란(엄마), 석승권(거인아기), 이미란(에구구할머니)
연주: 김보미(피아노), 이찬우(피리), 윤희연(거문고), 조한민(장구), 박준권(타악), 쿱오케스타라앙상블
제작: 서울오페라앙상블
2019년5월 마포아트센터 아트홀 맥 공연실황",UCR7H9GDk9Gie9kZKGrcftMw,Dong-il Sheen,2019-11-22T05:02:24Z,1715,28.58,False,298,13,0,https://www.youtube.com/watch?v=m4jlHeKa2uo,665,224,PF285068,국립오페라단 정기공연: 베르테르,서양음악(클래식),예술의전당 [서울] 오페라극장,2026-04-23,2026-04-26,,,,none,none,0,False,False,0,no_strong_signal,신호 없음
xZO8lq_S1U8,규현 베르테르 이지혜 롯데와 '우리는' 친구~~🌻｜뮤지컬 베르테르 Werther 2020｜CJ ENM,"#규현 베르테르와 #이지혜 롯데의 '우리는'
#뮤지컬베르테르인씨지브이 개봉 기념 깜짝 공개 🌻

뮤지컬 베르테르 20주년 LIVE 공연 실황
2021.05.05 (수) CGV 개봉! 규현 이지혜 이상현 김현숙 임준혁 외

제작｜CJ ENM, 극단 갖가지",UC8Y0YBeQAtH-7IAJYuG7Ziw,씨뮤 by CJ ENM MUSICAL,2021-05-10T09:00:31Z,123,2.05,False,464318,7899,415,https://www.youtube.com/watch?v=xZO8lq_S1U8,96800,1442,PF285068,국립오페라단 정기공연: 베르테르,서양음악(클래식),예술의전당 [서울] 오페라극장,2026-04-23,2026-04-26,,,,mismatch,none,0,False,False,-2,delete_candidate,날짜 불일치(다른 회차 가능성)
IxjX3aHh6JM,🎤뮤지컬 [슈퍼클로젯] 녹음실 브이로그! ++녹음 당일은 한주 배우 생일!,"라이브로 이루어지는 생생한 뮤지컬!
풍성한 사운드를 통해 더욱 생동감있게 표현된다는 사-실!

더욱 완벽한 뮤지컬을 위해 녹음을 하러 온
[슈퍼클로젯] 배우들을 만나러 가볼까요?!

++아참!
녹음 당일은 한주 배우 생일이었데요~~~
한주 배우님 생일 축하해요!🎁🎁

2022.01.08 - 03.20
세종문화회관 M씨어터

#가족뮤지컬 #어린이뮤지컬 #슈퍼클로젯

🏡HOMEPAGE : https://www.brushtheatre.com/
⭐️INSTAGRAM : https://www.instagram.com/brushtheatre/
⚡예매하기 : https://tickets.interpark.com/goods/P0002801",UCO7PQMtLSjFePIPP2Wv3Xig,BRUSH Theatre,2022-01-14T10:22:27Z,240,4.0,False,2673,29,4,https://www.youtube.com/watch?v=IxjX3aHh6JM,904,139,PF251617,스크루지 [의정부],무용(서양/한국무용),의정부예술의전당 대극장,2024-12-14,2024-12-14,,,,mismatch,none,0,False,False,-2,delete_candidate,날짜 불일치(다른 회차 가능성)
3CV7QXUxDbQ,2018의정부예술의전당 찰리아저씨의마술공장,"온 가족이 함께 즐기는 퓨전마술뮤지컬
극단 찰리
찰리아저씨
36개월 이상 모든 연령층 관람
마술
마술쇼
마술뮤지컬
퓨전마술뮤지컬",UCq5f3hKDJLSIv3kAerAxgTw,찰리아저씨 TV,2023-05-09T15:07:01Z,4119,68.65,False,520,5,0,https://www.youtube.com/watch?v=3CV7QXUxDbQ,56,97,PF251617,스크루지 [의정부],무용(서양/한국무용),의정부예술의전당 대극장,2024-12-14,2024-12-14,,,,none,match,0,False,False,2,no_strong_signal,장소 일치
Cb2f0Dus5QQ,김장훈 리즈시절 고음 ㄷㄷ#김장훈 #숲튽훈 #리즈,,UCLEHF2ijKDXWVXFWWeID7Lg,낙지,2025-05-25T15:29:03Z,55,0.92,True,230547,2968,503,https://www.youtube.com/watch?v=Cb2f0Dus5QQ,458,76,PF251617,스크루지 [의정부],무용(서양/한국무용),의정부예술의전당 대극장,2024-12-14,2024-12-14,,,,none,none,0,False,False,0,no_strong_signal,신호 없음
BRGSy_nEXxw,"신간헤드라인 '홀리데이 로맨스', '사랑하는 습관' [TV책방 북소리]","[TV책방 북소리] 신간헤드라인 '홀리데이 로맨스', '사랑하는 습관'

찰스 디킨스, '홀리데이 로맨스'

어린이들을 화자로 등장시켜
어른들의 세계를 비꼰 소설

찰스 디킨스의 마지막 소설!
어른들을 향한 아이들의 깜짝한 반란!

왠지 뜨끔하지만
가슴 따뜻해지는 사랑 이야기



도리스 레싱, '사랑하는 습관'

제2차 세계대전 후 사건을 
섬세하지만 대담하게 포착한 9편의 단편

시대를 앞선 사유와 통찰력
노벨 문학상 수상 도리스 레싱

폐허가 된 마음, 습관이 된 사랑

그럼에도 
새롭게 살아가는 사람들

----------------------------------------------
▶tbs 페이스북 https://www.facebook.com/mylovetbs/
▶tbs 홈페이지 www.tbs.seoul.kr/
▶네이버TV (김어준의 뉴스공장) http://tv.naver.com/newsfactory 
▶tbs 커뮤니티 http://bit.ly/2EaWnQp",UC5HSw5OY2vfVFSihpiB-AVQ,TBS 시민의방송,2018-09-07T14:00:01Z,72,1.2,False,365,1,0,https://www.youtube.com/watch?v=BRGSy_nEXxw,1290000,30037,PF251617,스크루지 [의정부],무용(서양/한국무용),의정부예술의전당 대극장,2024-12-14,2024-12-14,,,,none,none,0,False,False,0,no_strong_signal,신호 없음
pCX4QWCcgfc,⭐HABA Magic Show⭐거제 하바 마술 공연,🔮유튜브 라이브 일시 : 12월 28일 오전 10시,UChnSXJqHNJO9LU2tpjyHeXA,거제하바EPS영어학원,2021-12-28T14:03:26Z,3117,51.95,False,256,6,0,https://www.youtube.com/watch?v=pCX4QWCcgfc,29,16,PF251617,스크루지 [의정부],무용(서양/한국무용),의정부예술의전당 대극장,2024-12-14,2024-12-14,,,,none,none,0,False,False,0,no_strong_signal,신호 없음
bUCI7TiDqgA,드림레코더 - 음악극창작과 정기공연 낭독 뮤지컬,"2020 AT랩 제작 공연 미디어콘텐츠

“상상해, 미리 겁먹지 말고. 꿈을 꿔, 너의 가장 큰 꿈을”

2020 제 8회 한국예술종합학교 음악극창작과
정기공연 낭독 뮤지컬 '드림레코더'

[일시]
2020년 11월 4일 수요일 19:00
2020년 11월 5일 목요일 19:00

[장소]
한국예술종합학교 연극원 지하1층 상자무대2

작ㅣ양소영
작곡/음악감독ㅣ이현영
연출ㅣ김여준
출연ㅣ이준용 윤데보라 박란주 김준식 유다예 박두호 이재은
세션ㅣ노유석 박찬영 심웅보 이우림
조연출ㅣ김수민
음악조감독ㅣ김진하 박재범
무대감독ㅣ김소현 허진경
기획ㅣ양수진 정예림
무대디자인ㅣ이승희
영상디자인ㅣ오세아
조명디자인ㅣ서가영
그래픽디자인ㅣ김시진
페이퍼아트ㅣ최숙경
사진촬영ㅣ노신회
지도교수ㅣ최종윤
제작ㅣ한국예술종합학교 음악극창작협동과정",UCyoyNRH1a_cHDO9r3uNcw8g,K-Arts On_Contents,2021-03-30T03:48:38Z,5426,90.43,False,3879,,,https://www.youtube.com/watch?v=bUCI7TiDqgA,13300,701,PF251617,스크루지 [의정부],무용(서양/한국무용),의정부예술의전당 대극장,2024-12-14,2024-12-14,,,,none,none,0,False,False,0,no_strong_signal,신호 없음
AIl4u176yKw,"[인생은 고기서 고기다] EP.4-4｜청정 도시, 포천｜허브등심스테이크와 함께 힐링!｜고기 덕후의 정주행 먹로드","#포천 #스테이크 #허브 #힐링센터 #맛집

미식 본능 장착! 한국어 패치 완료
구석진 뒷골목! 진짜 맛을 찾아 대한캐나다인이 떴다!
보고 먹고 즐겨라! 대한민국 구석구석 켜켜이 쌓인 세월과 함께
무르익은 맛을 찾아 떠나는 육즙 가득~ 골목의 숨은 맛집 찾기!
추억과 낭만이 깃든 오래된 노포부터 어슴프레 해가 기울면 길가에 뚝딱 서는 뒷골목 번개 식당까지!
사람 냄새 물씬~ 맛깔 나는 이야기와 함께 역사가 살아 숨 쉬는 뒷골목 맛의 백 스토리 속으로-
맛 지도 완성을 위한 식욕 폭발! 본격 맛 버라이어티!",UCfiCVvy-jRTQH1EpPPntpfw,Berry TV (베리TV),2020-11-17T04:45:01Z,410,6.83,False,368,,1,https://www.youtube.com/watch?v=AIl4u176yKw,705000,9430,PF251617,스크루지 [의정부],무용(서양/한국무용),의정부예술의전당 대극장,2024-12-14,2024-12-14,,,,none,none,0,False,False,-3,delete_candidate,무관 해시태그 발견
MbQJEDSAwAY,"[Vlog] 수비드스테이크, 수비드머신 직구, 평생써먹 스테이크소스 만들기, 해운대빛축제, 고르곤졸라피자 만들기, 송정 와인샵 포도(podo), 해성막창 먹방","봉봉씨 아이폰13 짧은 언박싱 00:21

——————————————————————
 3:49 수비드 머신 바이올로믹스 3.5세대

블랙프라이데이 핫세일로 직구했어요!!
맨날 유튜버들 수비드 스테이크 먹방 보다가 너무 궁금했는데 드디어 수비드 머신 장만♥ 

작동법은 간단해요
스테이크를 할 때는 마리네이드를 잘 하고, 
물을 수비드머신의 MIN~MAX 사이로 받아준 후 작동시켜주면 되는데요.

안심 물기를 키친타올로 무심히 툭툭 닦아주기
소금, 후추 뿌려주고
진공비닐팩에 로즈마리, 타임을 넣었어요
마늘과 버터 등 부가재료를 넣고
진공포장기로 진공포장 해줘요.

(바이올믹스 수비드머신을 사용할때 굳이 필수는 아니에요.
장시간(20시간이상) 조리가 아니라면 지퍼백 (내열온도100도이상)으로 얼마든지 대체가능!)
 
바이올로믹스 수비드기계 가동시킨후 물속으로 투하! 

미니움레어 온도 55도로 맞추고 1시간으로 짧게 돌렸어요.
저는 컨테이너수조를 따로 구매하지 않아서 곰솥냄비로 대체했어요. 
없으면 없는대로 수비드 기계가 잠길만큼의 깊은통이면 충분해요! 

수비드 장시간 돌리면은 물이 증발할수있기때문에 수건이나 뚜껑같은걸로 살짝 막아놓는게 좋아요
저는 그냥 1시간 간단하게 돌리느라 
안덮어놨어요..! 
(수비드 컨테이너.. 갖고싶다..!) 

수비드가 다 된 직후에 고기를 꺼내보면 마치 물에 삶은듯한 비주얼의 안심이 나와요.
수비드 직후에 물온도로만 익힌 스테이크는 빛깔도 예쁘지않고 맛도 떨어지니 
꼭 키친타올로 수분을 제거하여 후라이팬에 겉면만 지져줍시당! (토치 대체가능)

수비드의 장점으로. 촉촉하게 육즙은 지켜주고 어느곳 하나 오버쿡 된 부위 없이 부위가 얇든 두껍든 균일하게 미디움레어의 고기가 나왔어요♥ 

———————————————————————
6:54 고르곤졸라 피자 만들기 
필요재료: 피자도우 생지, 피자치즈, 고르곤졸라치즈, (휘핑크림-선택. 대신 꿀발라줘도됨), 꿀 

———————————————————————
9:41 평생 써먹는 스테이크 소스 만들기
스테이크 레스팅하는 동안 스테이크 굽던 팬으로 간단하게 만들수 있어서 자주 쓰는 방법이에요. 

필요재료는: 와인(레드, 화이트 상관없어요. 보통 스테이크 먹을때 와인 곁들여먹는경우 많으니 남는 와인으로 만들수 있어요!) 
오렌지주스, 버터, 허브(이거도 스테이크 구울때 쓰니까. 남는거약간..) 

———————————————————————-
14:32 송정 와인샵 포도(podo)
요새 핫한거같은 와인샵 체인!
건물 외관이랑 내부도 힙하고 너낌있움!
가격도 착하고 맛있는 와인들이 많은거같아요!
내사랑 내츄럴와인도 종류가 많답니다.
데이트코스로도 구경가봐도 괜찮은거같아요~! 
 
——————————-—————————————-
16:11 해운대빛축제 

2021.11.27. (토) ~ 2022.02.02. (수)
점등시간 : 오후 6시~24시
장소 : 해운대해수욕장, 해운대광장, 해운대시장, 온천길 일원

오후 6시 점등이 시작되는데, 
10분 전쯤부터 백사장내관람데크에 
들어갈 사람들은 줄을 서기 시작합니다.

 접종완료자 및 PCR검사 확인자에 한해 
450명 임장이 제한되기 때문이랍니다. 
처음엔 줄 간격이 너무 붙어있었는데
 나중엔 관리하시는 분들이 거리 간격을 조절하시더라고요~

이번 주제는 '해운대 전설, 빛으로 담다'라고 합니다 


———————————————————————-
18:31 해운대맛집 해성막창
곱창전골이랑 곱창+대창 먹방♥",UCmCoqB7dxpa_rpualq4N1BA,JiNiBong 지니봉,2021-12-18T10:11:30Z,1213,20.22,False,187,6,0,https://www.youtube.com/watch?v=MbQJEDSAwAY,534,29,PF251617,스크루지 [의정부],무용(서양/한국무용),의정부예술의전당 대극장,2024-12-14,2024-12-14,,,,mismatch,none,0,False,False,-2,delete_candidate,날짜 불일치(다른 회차 가능성)
LBn2fZzsjIs,"VLOG｜직장인브이로그｜벚꽃구경 1탄｜양주카페｜남양주 드라이브｜먹로그 : 투움바파스타, 푸라닭투움바, 비빔국수, 민초봉봉, 볶음밥｜","안녕하세요?
이번 주도 잘 지내고 잘 먹고 잘 놀았습니다
재밌게 시청해주세요 :)

""구독과 댓글, 알림설정""은 큰 힘이 됩니다!",UC8wOth6FWes4mMY-ORza_vQ,하이메진,2021-04-16T13:52:20Z,827,13.78,False,129,7,5,https://www.youtube.com/watch?v=LBn2fZzsjIs,162,46,PF251617,스크루지 [의정부],무용(서양/한국무용),의정부예술의전당 대극장,2024-12-14,2024-12-14,,,,none,none,0,False,False,0,no_strong_signal,신호 없음
HvAMkqP2uiQ,노원어린이극장 홍보영상,,UCfCPvwZ1hLtb02X53UiRDQg,Hyewon Lee,2022-02-02T07:37:06Z,69,1.15,False,46,0,0,https://www.youtube.com/watch?v=HvAMkqP2uiQ,14,31,PF251617,스크루지 [의정부],무용(서양/한국무용),의정부예술의전당 대극장,2024-12-14,2024-12-14,,,,none,none,0,False,False,0,no_strong_signal,신호 없음
HwBOPXQmPVA,마술고양이와 한판,,UCzQ45eQ5sxZu4d_j4J2TQgA,제법무아,2019-10-29T08:53:36Z,30,0.5,True,66,1,0,https://www.youtube.com/watch?v=HwBOPXQmPVA,0,8,PF251617,스크루지 [의정부],무용(서양/한국무용),의정부예술의전당 대극장,2024-12-14,2024-12-14,,,,none,none,0,False,False,0,no_strong_signal,신호 없음
LX-oDe618SQ,"중국 변검술, 링 카드 마술과 무술 묘기 공연",,UCyJ6JgmEf3-PgM-EJLEtRxw,"SOD BIO,리쏘드,에스오디랩, 나와모랩 홍성준  TV",2023-02-12T06:49:33Z,1421,23.68,False,183,2,0,https://www.youtube.com/watch?v=LX-oDe618SQ,41500,1228,PF251617,스크루지 [의정부],무용(서양/한국무용),의정부예술의전당 대극장,2024-12-14,2024-12-14,,,,none,none,0,False,False,0,no_strong_signal,신호 없음
ZHqCAWP7FKU,2023 노원어린이극장 하반기 기획공연 라인업 공개✨,"2023년 하반기, 노원어린이극장에는 어떤 공연들이 펼쳐질까요? 
어린이들에게 잊지 못할 경험을 선사할 노원어린이극장의 공연들을 만나보세요!

💛 7월 인형극 '우리집에 괴물이 산다' 
💛 8월 인형극 '더 미러&그것참좋타'
💛 9월 그림자극 '개굴개굴 고래고래'
💛 10월 클래식 '프렌쥬 클래식 사파리'
💛 11월 인형극 '하얀나라'
💛 11월 음악극 '보이야르의 나라' 
💛 12월 발레 '빨간모자'

#노원어린이극장 #노원구 #어린이공연 #인형극 #그림자극 #클래식 #발레",UCgzz6j1oNt5o6XVcXpS6-mw,노원문화재단,2023-07-03T05:49:03Z,99,1.65,False,585,2,0,https://www.youtube.com/watch?v=ZHqCAWP7FKU,871,302,PF251617,스크루지 [의정부],무용(서양/한국무용),의정부예술의전당 대극장,2024-12-14,2024-12-14,,,,none,none,1,False,False,1,no_strong_signal,신호 없음
JDAz-PFaidw,남양주 시민난다 씨어터 시민배우 1기 연극 [REMEMBER:기억],"▶ 공 연 명 : 연극 REMEMBER:기억
▶ 공 연 일 : 2021. 11. 20.(토)
▶ 공연장소 : 다산아트홀
▶ 출 연 자 : 남양주 시민난다 씨어터 시민배우 1기 
▶ 공연내용 : 이석영 선생님의 애국심을 기억하기 위하여 만든 
남양주시 금곡동에 위치한 이석영광장 & REMEMBER1910 안 카페를 주요 공간으로 
남양주에서 살고 있는 여러 사람들의 다양한 이야기를 담고 있다. 
서로 다른 기억으로 오해하는 ‘동창회 : 기억의 혼재’와 기억하지 못하는 아내를 
떠나보내야만 하는 ‘이별 : 남겨져야하는 기억에 대하여’, 두 가지 옴니버스 극으로 
2020년 공개 오디션으로 선정된 시민배우 1기들이 출연하는 정극 공연


홈페이지 : https://www.nyj.go.kr/photo/3168
페이스북 : https://www.facebook.com/namyangju.jjang/
인스타그램 : https://www.instagram.com/nyjholic",UCZFTAP8J_0xEjjhreKMHa4A,남양주시•남양주TV,2021-12-20T12:53:13Z,3414,56.9,False,948,20,0,https://www.youtube.com/watch?v=JDAz-PFaidw,28300,4211,PF251617,스크루지 [의정부],무용(서양/한국무용),의정부예술의전당 대극장,2024-12-14,2024-12-14,,,,none,none,0,False,False,0,no_strong_signal,신호 없음
obx51BtUkws,"Alsatang Musical Curtain Call, Seoul Forest Theater, Seoul Korea, 뮤지컬 알사탕, 서울숲씨어터 | 2023.08","Alsatang Musical Curtain Call, Seoul Forest Theater, Seoul Korea, 뮤지컬 알사탕, 서울숲씨어터 | 2023.08

문방구에서 산 알사탕 한 봉지. 사탕 한 알을 입에 넣자, 원래는 들을 수 없던 소리가 들린다! ""동동아~ 동동아~"" 마법의 사탕이 들려주는 마음의 소리! 다음엔 또 누구의 소리가 들릴까?

https://www.youtube.com/watch?v=Dm8UutnkEu4


#alsatang #seoul #korea #southkorea #corea #musical #kids #curtaincall #ending #seoulforesttheater #서울 #한국 #코리아 #대한민국 #뮤지컬 #어린이 #커튼콜 #알사탕 #서울숲씨어터",UC47euIA9xA7NSU026viG36Q,SEOUL CITY LIFE,2023-08-10T07:39:41Z,257,4.28,False,5565,12,0,https://www.youtube.com/watch?v=obx51BtUkws,299,66,PF251617,스크루지 [의정부],무용(서양/한국무용),의정부예술의전당 대극장,2024-12-14,2024-12-14,,,,none,none,2,False,False,2,no_strong_signal,해시태그 2개 카테고리 일치
vGJm1NIMTBM,🌟반짝반짝 별빛봉 들고 극장으로 출발🌟 | 티라노사우르스 렉스 응원법🔥 | 핑크퐁 시네마 콘서트2 : 원더스타 콘서트 대작전 | 핑크퐁 영화 | 12월 21일 개봉,"아아- 마이크 테스트🎤 다들 SING나게 따라부를 준비됐어? 
핑크퐁 극장판을 두 배로 재밌게 즐기는 방법😆

[핑크퐁 시네마 콘서트 2: 원더스타 콘서트 대작전]
12월 21일, 반짝반짝 별빛봉 들고 극장으로 GO GO~💞

🚨잠깐!🚨
싱어롱 필수템 별빛봉과 예매권 1+1을
CGV 카카오 쇼핑 라이브에서 만나요🎶

12월 13일 화요일, 오후 10시!
깜짝 게스트와 함께 별빛봉 카쇼라 Coming Soon🔥

---
핑크퐁과 호기의 새로운 친구! Bebefinn👼🏻을 만나보세요!
▶https://www.youtube.com/channel/UC_Py3VQ4sjXHj1c4Rhb5ITw?sub_confirmation=1
Bebefinn과 상어가족 체조👉🏻https://fong.kr/12144/01
----
지금 바로 호기 유튜브 채널 [구독] 버튼을 눌러주세요.
★호기 유튜브 구독하기: https://www.youtube.com/channel/UCJlNBdRJPnxsHjdaTNEqmOg?sub_confirmation=1

호기 SNS에도 놀러오세요! 교육정보와 다양한 이벤트 소식이 기다리고 있어요!
★ 페이스북: https://www.facebook.com/Hogi.ko/
★ 인스타그램: https://www.instagram.com/hogi.ko
☆ 핑크퐁 앱 다운로드 : http://i.sstudy.kr/L/588/des/
☆ 핑크퐁 스토어: http://pinkfong.com
호기 공식 유튜브 채널에 업로드되는 모든 동요는 유아 교육 전문가들이 자체적으로 제작하고 있습니다.

Copyright © 2022 The Pinkfong Company, Inc.  All Rights Reserved.
#호기#동요#색깔놀이#핑크퐁#최신동요#인기동요#동요모음집#어린이모음집#hogi#모음집#색깔송#컬러",UCJlNBdRJPnxsHjdaTNEqmOg,호기! 핑크퐁 - 놀면서 배워요,2022-12-06T11:00:37Z,93,1.55,False,33483,36,0,https://www.youtube.com/watch?v=vGJm1NIMTBM,5290000,1950,PF251617,스크루지 [의정부],무용(서양/한국무용),의정부예술의전당 대극장,2024-12-14,2024-12-14,,,,none,none,0,False,False,0,no_strong_signal,신호 없음
0ILwYdQIVSc,코믹극 마술이닭 홍보영상,"아이엠매직의 창작공연 코믹극 ""마술이닭"" 홍보영상입니다.
마술,쉐도우그라피,마임등 다양한 공연을  치킨나라에서 온 기억력이 좋지않은 마술박사의 코믹연극으로 풀어낸 작품입니다.

#마술공연 #마술사 #마술 #코믹마술 #아이엠매직 #마술이닭 #마술사오효택 #오효택 #어린이공연 #코믹",UCOI0IzlJBz4vXF-SK-z9ilQ,아이엠매직,2022-07-21T08:45:19Z,166,2.77,False,491,3,1,https://www.youtube.com/watch?v=0ILwYdQIVSc,8,11,PF251617,스크루지 [의정부],무용(서양/한국무용),의정부예술의전당 대극장,2024-12-14,2024-12-14,,,,none,none,1,False,False,1,no_strong_signal,신호 없음
dm8n4kJY-4g,나레이션 녹음 | 국악방송 | 인어공주황옥 | 국립부산국악원 | 음악극,"@국악방송관리자 

 2022년 5월 어린이날 100주년 기념. 
어린이 음악극 [인어공주 황옥].

국립부산국악원 성악단, 기악단, 무용단

나레이션 : 이은혜(황옥 역)




#어린이극  #국악방송 #국악무대 #국립부산국악원  #갱기미녀 #경기민요 #이은혜 #민요이은혜 #국악이은혜",UCtd43XzoJFN8XL5CiEkz_tA,갱기미녀🎀경기민요 이은혜,2022-08-09T11:59:31Z,125,2.08,False,268,11,0,https://www.youtube.com/watch?v=dm8n4kJY-4g,365,57,PF251617,스크루지 [의정부],무용(서양/한국무용),의정부예술의전당 대극장,2024-12-14,2024-12-14,,,,none,none,0,False,False,0,no_strong_signal,신호 없음
djZ5qRfgB0U,"오비상 2관왕에 빛나는 세계적인 배우 장두이, 그의 연극에 대한 사랑이야기 [인터뷰人]","배우 장두이를 한마디로 정의내리기란 쉽지 않다. 아니 어쩌면 어리석은 짓일지도 모른다.
그도 그럴 것이 
그의 가슴 깊은 곳엔

시인의 기질이…
배움의 열망이…
가르침의 책임감이…
연극에 대한 사랑이…
사람에 대한 끊임없는 애정이…

아직도 쉼 없이 불타고 있으며, 그 불로 인한 열정으로 여전히 무한 변신중이기 때문이다.



연극배우 장두이

파리 피터 브룩(Peter Brook) 극단의 상임 단원
그로토프스키(Grotowski) 극단의 수석 단원
뉴욕 라마마(La Mama) 극단 수석 연기자   

(학력) 
고려대학교 국문과 졸업 
서울예술전문대학 연극과 졸업 
서울예술전문대학 무용과 졸업 
동국대학교 대학원 연극영화과 1년 수료 
뉴욕 New School 뮤지컬 학과 수업 
뉴욕 머스 커닝햄 무용학교 수료 
뉴욕 브루클린 대학원 연극과 연기전공 석사과정(MFA) 이수
뉴욕 Actor's Studio/Lee Strasberg 학교 연기 수업과정
뉴욕 H.B Acting Studio 연기 수업과정


(강의)
대경대학 연극 영화과 전임 교수
인덕대학 방송 연예과 교수
한서대학교 대학원 연기 전공 교수
서울예술대학 연기과 교수
한국 국제예술원 연기‧영상 예술학부 교수 
국민대학교 미디어 연기예술학부 교수 


(수상)
TBC 대학 방송 경연 대회 최우수 연기상
연극 Tirai - Obie Award 연극상
연극 The Tibetan Book of the Dead - Obie Award 연극상
연극 Song of Shim Chung - 아시아 소수 민족 예술가상
연극 첼로 - 백상 예술대상 연기상
연극 Moses Mask - 뉴욕 드라마 클럽 특별상


(연극)
1970년. 
   대머리 여가수 - 고대 강당 (소방소장易)
1971년.
   위대한 훈장 - 명동 예술극장 (열쇠 장수易)
1976년.
   크랩의 마지막 테이프 - 극단 세대 (크랩易)
1977년.
   아득하면 되리라 - 제1회 대한민국 연극제 (거북이易)
1978년.
   Liturgy - 뉴욕 UN 오라토리움 극장 (제사장易)
1979년.
   춘향 그리고 태을성 - 뉴욕 오픈 스페이스 극장 / 독일 TIK 극장 (태을성易) 
1981년.
   GODOT plus GUT - 뉴욕 Theater for the New City 극장 (블라디미르易)
1982년.
   Camino Real - 뉴욕 거쉬인 극장 (벙어리 곱추易)
   파리의 피터 브룩 극단 참가 - 마하바라타
1983년.
   The Tibetan Book of The Dead - 뉴욕 라마마 극장 (죽은 자易)
1986년.
   그로토프스키 극단, 디디무스, 미스테리 플레이 공연
1986-1987년.
   뮤지컬 Agamemnon - 이태리 스폴레토 페스티벌 참가 (아가멤논 장군易)
1986년.
   뮤지컬 Medea - 스폴레토 야외극장 (동방인易)
1987년.
   뮤지컬 Oh, Jerusalem - 링컨센터/이스라엘 예루살렘 극장 (여행자易)
1989년.
   1인극 태평양 로맨스야 - LA 스페이스 311/동숭아트센터 (서봉달易)
   The Fallen Angel - 뉴욕 46 플레이 하우스 (떨어진 천사易)
   뮤지컬 Moses and Wandering Dervish - 코네티컷주 오스틴 극장 (더뷔쉬易)
   뮤지컬 Yanus - 뉴욕 라마마 아넥스 (러버易)
1990년.
   138개의 풍경이 있는 대화 - 뉴욕 Cash Performance Space 극장 (가수易)
1992년.
   Strangers - 뉴욕 샬리코 극단/워싱턴 스퀘어 극장 (이방인易)
1994-1995년. 
   연극 첼로 - 문예회관 극장 (인테리어 디자이너易)
1994년. 
   뮤지컬 바람 타오르는 불길 - 예술의 전당 토월극장 (사내易)
1995년.
   청바지를 입은 파우스트 - 실험극장 (메피스토펠레스易)
   MBC 마당놀이 옹고집전 - 정동극장 및 전국 13개 도시 (돌쇠易)
1996년.
   뮤지컬 고래사냥 - 예술의 전당 오페라 하우스 (왕초易)
   세종 32년 - 국립 국악원 예악당 개관 기념 공연 (세조易)
   달빛 멜로디 - 은행나무 극장 (사나이易)
1997년.
   맨하탄 일번지 - 성좌 소극장 (상준易)
   밧데리 - 극단 르네상스 (스탠易)
1998년.
   천상 시인의 노래 - 문예예술대극장 (저승사자易)
2000년.
   바다의 여인 - 서울 국제 연극제 개막작 (뱃사람易)
2001년.
   바리공주 - 서울 공연 예술제 참가작 (사자대왕易) 
2002년.
   유리동물원 - 알과 핵 극장 (톰易)
   게임의 종말 - 국립극장 별오름 극장 (햄易)
2003년.
   1인극 춤추는 원숭이 빨간 피터 - 알과 핵 극장 (피터易)
2004년.
   파우스트 - 문예회관 예술 대극장 (메피스토펠레스易)
   햄릿 - 동숭 아트센터 대극장 (클로디어스 왕易)
   공주 아시아 1인극 연극제 춤추는 원숭이 빨간 피터
   길- 백성희 선생 연기 60주년 기념 연극 (아들易) 
   배비짱 - 인켈 아트홀 (배비장易)
2005년.
   국악 뮤지컬 한강수야 - 세종문화회관 (광대易)
   뮤지컬 당나귀 그림자 재판 - 국립극장 해오름 극장 (선장易)
   1인극 돌아온 원숭이 빨간 피터 - 인켈 아트홀 극장 (피터易)
2006년.
   1인극 춤추는 원숭이 빨간 피터, 뉴욕 -  제1회 뉴욕 한국 연극제 (피터易)
   뮤지컬 당나귀 그림자 재판 - 아르코 대극장 (선장易)
   국악 뮤지컬 영평 팔경가 - 포천 반월 아트 홀 대극장 (여행자 아버지易)
   장두이의 황금 연못 - 대학로 극장 (장만중易)
2007년.
   Korean Shaman Chants - 뉴욕 카네기 홀 (혼易)
   국악 뮤지컬 흐르는 강물처럼 - 안산 문화예술회관, 의정부 문화예술회관 (광대易)
   물속의 집 - 블랙박스 씨어터, 극단 뿌리 30주년 기념 (아들易)
2008년.
   아버지가 사라졌다 - 알과 핵 극장 (아버지易)
2009년.
   등대 - 대학로 예술극장 대극장 (박일우易) 
   사랑을 주세요 - 블랙 박스 극장 (루이易)
2010년.
   뮤지컬 영웅을 생각하며 - 교육문화회관 대극장 (호암의 혼易)  
2011년.
   한강의 기적 - 알과 핵 극장 (박정희易) 
2012년.
   아메리칸 환갑 - 게릴라 극장 (전민석易)
   오, 독도! - 뉴욕 SECRET THEATRE (이방인易)  
   쥐덫 - SH 아트홀 (트로트 형사易)
   스크루지와 성냥팔이 소녀의 화이트 크리스마스 - 경기도 문화의 전당 (스크루지易)
   미스터 블로그 – 대학로 소극장 꿈꾸는 공작소 (문서식易)
2013년.
   음악극 나비야 저 청산에 - 남산 드라마센터 (연산易)
   거위의 꿈 - 산울림 소극장 (꿈1易)
2014년.
   소풍가는 날 - 김천국제 가족 연극제 참가 (품바易)
   DJ 쨩 - 제3회 남이섬 국제 원맨쇼 (디제이 쨩易)
2015년.
   40캐럿, 연상의 여인 - 예그린 극장 (에디易)
   오늘 또 오늘 - 예술의 전당 자유소극장 (성민易) 
   리어왕 - 명동 예술극장 (리어왕易)
   벚꽃동산 - 세종 M씨어터 (가예프易)
   조씨고아 - 명동 예술극장, 북경 중국 국립극장 (도안고易)
2016년.
   혈맥 - 명동 예술극장, 중국 북경 국가화극원 (깡통易)
   Same Story, Different Day - 뉴욕 Secret Theatre (리성민易)
2017년.
   청이는 왜 인당수에 몸을 던졌나? - 곡성/철원/고성 (해설자易)  
2018년.
   에쿠우스 - 대학로 TOM극장, 충무아트홀 (다이사트易)
   엄마의 편지 - 동자 아트홀 (수간호사易)
   동네3, 운명의 요구 - 대학로 꿈씨어터 (스티브易)


(영화출연) 
깜보, 마스카라, 교도소 월드컵, 써클, 성냥팔이 소녀의 재림, 천사몽, 천국의 셋방, 러브 러브, 서브머린, 청야, 위선자들, 왕을 참하다 외 40여 편


(저서활동) 
장두이 희곡집, 장두이 뉴 희곡집, 소설 아메리카 꿈나무. 인생이 연극이야(에세이), 공연되지 않을 내 인생, 장두이의 한국 연기 실습, 그로토프스키 & 두이 장, 삶의 노래, 장두이의 장면 연기 실습, 0의 노래(시집), Y의 노래(시집), 입시 연기론, 연기의 정석, 장두이의 연기 실습론, 올 어바웃 뮤지컬 외 다수


(피터 브룩  Peter Brook) 
규칙과 정형성을 깨뜨린 연극계의 선구자.
“보이지 않는 것을 보이게 만드는 것, 그것이 연극이다”  “준비가 전부이다”
전 세계를 무대로 이제까지 70여 편이 넘는 작품을 연출해 온 피터 브룩은 평생에 걸쳐 자신의 자리에 안주하지 않고 변혁과 혁신을 벗 삼아 세상에 존재하는 모든 규칙과 정형성을 깨뜨리려 노력했던 연극계의 진정한 선구자였다.


(예지 그로토프스키 Jerzy Grotowski)
그로토프스키의 연극론과 그에 의해 전개된 혁신적인 배우 훈련체계를 주도했다.
폴란드의 연출가인 그로토프스키는 이상적인 연극이란 텔레비전이나 영화처럼 기교가 지배하는 것이 아니라 의상, 장치, 음악, 조명의 도움을 필요로 하지 않는 가난한 연극이라 주장하였다. 연극의 중심을 이루는 것은 배우의 육체, 근육의 움직임, 리듬, 목소리로 진실한 연기를 하기 위해서는 극한까지 자기 자신과 맞부딪치며 자기의 성격, 욕망, 무의식의 밑바닥까지 자기를 탐구해야 한다고 말한다.

장두이 배우님의 연기, 앞으로도 많이 기대해 주세요!!


#장두이 #연극배우 #그로토프스키",UCWdWqqJKLvTIXH2JFxTBlkQ,종합연기TV,2019-06-16T02:56:11Z,4260,71.0,False,3180,77,19,https://www.youtube.com/watch?v=djZ5qRfgB0U,6460,190,PF251617,스크루지 [의정부],무용(서양/한국무용),의정부예술의전당 대극장,2024-12-14,2024-12-14,,,,none,none,0,False,False,0,no_strong_signal,신호 없음
zUD81pFPkr4,마술,축재,UChJCs7XUk_xRc2-m2LbgYeQ,황낟,2016-10-31T12:15:12Z,483,8.05,False,17,1,0,https://www.youtube.com/watch?v=zUD81pFPkr4,0,4,PF251617,스크루지 [의정부],무용(서양/한국무용),의정부예술의전당 대극장,2024-12-14,2024-12-14,,,,none,none,0,False,False,0,no_strong_signal,신호 없음
jyDb5wC-Fvo,신기한 마술,"Magician, Magic",UC6LpasE4oI5gvze7jx0uyXA,뭐하지.. 입니다.,2022-09-17T11:19:39Z,150,2.5,False,5,0,0,https://www.youtube.com/watch?v=jyDb5wC-Fvo,46,54,PF251617,스크루지 [의정부],무용(서양/한국무용),의정부예술의전당 대극장,2024-12-14,2024-12-14,,,,none,none,0,False,False,0,no_strong_signal,신호 없음
hsATwktcnnI,221013-마술,,UCUTpxgSFjdMrxEaeG9DBDuA,노종근,2022-10-10T06:30:38Z,320,5.33,False,29,0,0,https://www.youtube.com/watch?v=hsATwktcnnI,5,66,PF251617,스크루지 [의정부],무용(서양/한국무용),의정부예술의전당 대극장,2024-12-14,2024-12-14,,,,none,none,0,False,False,0,no_strong_signal,신호 없음
JSBRqoH0WQ0,모여라딩동댕 아역배우들의 생일 축하축하~!!  고맙다 얘들아~!!!,"모여라딩동댕 더잘난의 생일 축하
#번개맨#번개파워#번개걸#아역배우#더잘난#생일",UCcCRJgL6Hv3yG6kWIkz9lmA,더잘난,2018-03-29T04:14:01Z,79,1.32,False,21793,83,18,https://www.youtube.com/watch?v=JSBRqoH0WQ0,46400,768,PF251617,스크루지 [의정부],무용(서양/한국무용),의정부예술의전당 대극장,2024-12-14,2024-12-14,,,,none,none,0,False,False,0,no_strong_signal,신호 없음
-fDX5z0u3Qk,[육아일기] 인어공주 나라에 간 쓰레기 사냥꾼들! 아빠 낚시대로 쓰레기 낚시 대회 출전ㅋㅋㅋ,"#마음빛깔육아일기 #우리집유치원방과후과제 #누리교실놀이
20200903 인어공주나라에 간 쓰레기 사냥꾼들! 아빠 낚시대로 쓰레기 낚시대회를 해볼까요~









































































































































































































































#안소희 #김태리 #이다영 #kimchi #김보경 #승리호 #진달래 #한국사능력검정시험 #홍지윤 #셀트리온 #류호정 #토트넘첼시 #한국외대 #케이테스트 #임성근 #공매도 #임성근판사 #한일병운 #국토교통부 #오정연 #미나리 #에이프릴어학원동작캠퍼스 #맨유 블소2 #기아차 #애플카 #김시은 # 업비트 #스포티파이 #리플 #단팽이 #원신단 #입춘대길 #싸이월드 #가상화폐 #XRP #오세훈 #카운터사이드 #데프콘 #미세먼지 #경기도재난지원금 #미얀마 #빗썸 #김동성 #토트넘 #게임스탑주가 #재난지원금 #루카 #코스피 #경기도교육청 #하이패스 #진달래 #리플 #리얼돌 #최강희 #사회적거리두기 #김승혜 #아웃사이더 #에일리 #김혜리 #이일화 #펀스토랑 #북한원전 #최소라 #현아 #일론머스크 #여운국변호사 #여운국 #안철수
#토트넘, #토트넘 리버풀 #난리났네 난리났어 # 여운국 #로빈후드 #현아 #북한원전 #안철수 #최강욱 #아이유 #구리시장 #칠린호미 #거상 #임성근판사 #나스닥 #카카오톡멀티프로필 #조민 #레딧 #아이키 #첼시 #tesla #테슬라 #삼성전자배당금 #담배값인상 #게임스탑 #GME #감스트실종 #박은석 #CELEBRITY #셀러브리티 #택배파업 #쿠키런킹덤 #킹덤 #쿠키런 #토트넘 #SRT #손흥민 #정용진 #서현진 #램파드 #데브시스터즈 #아이언 #김종철 #송유정 #그랑사가 #엔픽셀 #트러블메이커 #리얼돌 #IEM국제학교 #SK와이번스 #버팀목자금 #황의조 #하알라 #박솔미 #박군 #UFC #장진성 #래리킹 #정인이양부모 #김새롬 #로또당첨번호 #원신 #박은석 #결혼작사 이혼작곡 #이가령 #성훈 #유시민 #대림동 #인텔 #리버풀 #강원래 
#연말정산, #이재용, #국세청, #기상청, #안상태, #맨유, #셀트리온, #김학의, #복면가왕 보물상자, #오목사, #김영권, #거리두기연장, #선배,그립스틱바르지마요 #로운 #원진아 

#뽀로로, #타요, #핑크퐁, #시크릿쥬쥬, #콩순이, #겨울왕국, #미니특공대, #유아동요, #유아동화, #자연관찰, #자연다큐, #점박이, #공룡, #장난감, #로미, #캐치티니핑, #카봇, #폴리, #옥토넛, #파자마삼총사, #가베, #미술놀이, #수학놀이, #과학놀이, #한글, #공룡장난감, #유아영상, #내친구, #영화
#동화책추천, #좋은책추천,#똘똘이, #아기공룡둘리, #쥬쥬, #별의여신쥬쥬, #아기상어, #동물
#웅진,  #튼튼영어, #교원, #빨간펜, #그레이트북스, #우리집유치원, #번개맨, #디즈니, #브레드,#미라큘러스



#아이린,
#연말정산,#인텔 #리버풀 #강원래 #병무청 #심석희 #에이미 #LG전자 #박지윤 #핵가방 #노바백스 #김종철
#아이언 #송유정 #IEM국제학교 #리얼돌 #버팀목자금 #그랑사가 #황의조 #박범계 #박군
#UFC #장진성 #래리킹 #정인이양부모 #김새롬 #로또번호 #원신 # 박은석 #유시민 #대림동 
#유아영어 #유아동요 #유아동화 #한글공부 #한글 
#거리두기,
#갤러시S21,
#이휘재,
#이경진,
#황재균,
#조덕제,
#병무청,
#김지원아나운서,
#리니지M,
#버즈프로,
#이건희폰갤버즈프로케이스,
#홍지윤,
#삼성,
#아스날,
#버닝썬마약,
#연말정산간소화서비스,
#성민,
#박근혜,
#윤서인,
#박원순,
#유인석,
#지니뮤직,
#토트넘풀럼,
#최불암,
#이재성,
#전승빈,
#한국사능력검정시험,
#셀트리온,
#안상태,
#LCK,
#문정원,
#자동차세연납,
#박영선,
#맨유,
#아이오닉5,
#딥페이크,
#김영찬,
#경동호,
#이수민,
#나스닥,
#스캐터랩,
#BTJ열방센터,
#공군부대치킨,
#파판14,
#CES2021,
#낸시,
#배진웅,
#삼성전자,
#토트넘,
#스포츠,
#코스피,
#페그오,
#CES,
#대장김창수,
#신한금융투자,
#현대차,.



































































































































#뽀로로, #타요, #핑크퐁, #시크릿쥬쥬, #콩순이, #겨울왕국, #미니특공대, #유아동요, #유아동화, #자연관찰, #자연다큐, #점박이, #공룡, #장난감, #로미, #캐치티니핑, #카봇, #폴리, #옥토넛, #파자마삼총사, #가베, #미술놀이, #수학놀이, #과학놀이, #한글, #공룡장난감, #유아영상, #내친구, #영화
#동화책추천, #좋은책추천,#똘똘이, #아기공룡둘리, #쥬쥬, #별의여신쥬쥬, #아기상어, #동물
#웅진, #호비, #아이챌린지, #튼튼영어, #교원, #빨간펜, #그레이트북스, #우리집유치원, #번개맨, #디즈니, #브레드,#미라큘러스",UCdAgBFICcYczXS_4fGjvANQ,함께놀자 (유아스쿨),2021-02-05T12:36:42Z,144,2.4,False,13,0,0,https://www.youtube.com/watch?v=-fDX5z0u3Qk,16,96,PF251617,스크루지 [의정부],무용(서양/한국무용),의정부예술의전당 대극장,2024-12-14,2024-12-14,,,,none,none,0,False,False,0,no_strong_signal,신호 없음
9zYsu6PLvyI,🎭노원어린이극장 1주년 🎭,"영상으로 만나보는 노원어린이극장 1주년 타임라인 🎬
​
작년 10월 30일 노원어린이극장이 새롭게 문을 열었습니다.
1주년 된 노원어린이극장에서는 무엇을 하였는지 영상으로 만나봐요 :)
​
#노원어린이극장 #1주년 #노원문화재단 #노원구 #문화예술 #공연예술 #힐링노원",UCgzz6j1oNt5o6XVcXpS6-mw,노원문화재단,2021-11-15T02:51:03Z,291,4.85,False,141,3,0,https://www.youtube.com/watch?v=9zYsu6PLvyI,871,302,PF251617,스크루지 [의정부],무용(서양/한국무용),의정부예술의전당 대극장,2024-12-14,2024-12-14,,,,none,none,0,False,False,0,no_strong_signal,신호 없음
c6e7z6K75IQ,인형나라인형극단의 다문화요리페스티발 마술공연,새마을운동 동대문지회에서 주최한 다문화요리 페스타발에 인형나라인형극단이 마술공연을 하였습니다...,UCJKBU_q1AIm-mWCi-FWv9ug,인형나라TV,2017-07-13T04:57:03Z,129,2.15,False,479,5,0,https://www.youtube.com/watch?v=c6e7z6K75IQ,1520,560,PF251617,스크루지 [의정부],무용(서양/한국무용),의정부예술의전당 대극장,2024-12-14,2024-12-14,,,,none,none,0,False,False,0,no_strong_signal,신호 없음
_19MqFKX8jo,인형나라인형극단의 의정부 부용초등학교 인형극공연(2017-04-25),인형나라인형극단의 문예진흥사업지원 인형극공연,UCJKBU_q1AIm-mWCi-FWv9ug,인형나라TV,2017-05-02T03:04:48Z,200,3.33,False,742,9,0,https://www.youtube.com/watch?v=_19MqFKX8jo,1520,560,PF251617,스크루지 [의정부],무용(서양/한국무용),의정부예술의전당 대극장,2024-12-14,2024-12-14,,,,none,none,0,False,False,0,no_strong_signal,신호 없음
7Gz8n-DuXrY,[챈토리TV] 챈이 첫 스튜디오 촬영 #7세스튜디오 #키즈모델,"#의정부스튜디오 에서 키즈 스튜디오 촬영을 했어요~
물론 50일, 돌 촬영도 했지만 채은이의 끼를 발산할 수 있는 예쁜나이인 7세를 담고 싶어서 다녀왔어요.

원래는 이벤트 당첨으로 촬영하러 간거였는데,
이벤트 당첨은 액자 1개 주시는 거고 사진 원본을 받으려면 액자나 앨범 구매를 해야해서 결국 액자 구매로 결제했어요.

개인 옷 촬영 1벌, 스튜디오 드레스 촬영 1벌 로 약 300컷 정도 촬영했네요.
#7세모델 #어린이스튜디오촬영 #키즈모델",UCPTuYuk3p0_oTKOx-mBMZZg,레미,2023-10-16T03:25:51Z,193,3.22,False,10,0,,https://www.youtube.com/watch?v=7Gz8n-DuXrY,20,10,PF251617,스크루지 [의정부],무용(서양/한국무용),의정부예술의전당 대극장,2024-12-14,2024-12-14,,,,none,none,0,False,False,0,no_strong_signal,신호 없음
crg-dpzNp6w,대구시립교향악단 백진현 음악감독 겸 상임지휘자 인터뷰,"일본투어를 떠나기 직전에 만났던
대구시립교향악단 백진현 지휘자🌟

대구시향의 음악, 그리고 '이야기를 전하는 지휘자'로서의 사명.
그의 진심 어린 이야기가 궁금하시다면
지금 바로 영상을 통해 확인해보시길 바랍니다!👀
　
　
and more!

한일 교류의 현장을 넘어,
대구에서 또다른 새로운 울림이 이어질 예정입니다.

🎶 2025 월드오케스트라페스티벌
대구시립교향악단 제519회 정기연주회 : 종교개혁

🗓 공연일시
2025년 10월 17일(금) 오후 7시 30분

📍 공연장소
대구콘서트하우스 그랜드홀",UC4yMx1mOLGA48sG-a1BBMfg,Daegu Concert House 대구콘서트하우스,2025-10-14T00:17:15Z,145,2.42,False,2114,29,4,https://www.youtube.com/watch?v=crg-dpzNp6w,4210,391,PF245082,"대구시립교향악단, 대구국제피아노페스티벌 (08.22)",서양음악(클래식),대구콘서트하우스 그랜드홀 (대공연장) ,2024-08-22,2024-08-22,,,,none,match,0,False,False,2,no_strong_signal,장소 일치
RdnXUn_HBvE,260530 7시 광주시립발레단 해적 커튼콜 1,,UCY68yS7kk2L7-T5tbcMb2cA,willy Record,2026-05-30T19:51:53Z,37,0.62,True,18,0,0,https://www.youtube.com/watch?v=RdnXUn_HBvE,165,301,PF243009,"광주시립발레단 기획공연, 발레살롱콘서트 Ⅱ: 단원안무전",무용(서양/한국무용),빛고을시민문화관 공연장,2024-07-05,2024-07-06,,,,none,none,0,False,False,0,no_strong_signal,신호 없음
7LxKBoNHILM,4K | 천안시립합창단 제100회 정기연주회 | Cheonan City Choir: Mendelssohn Symphony No.2 'Lobgesang',"📍천안시립합창단 제100회 정기연주회
2026.05.21(목) 천안예술의전당 대공연장

천안시립합창단이 제100회 정기연주회를 맞아 
멘델스존의 교향곡 제2번 ‘찬가(Lobgesang)’를 선보였습니다.

1840년 작곡된 ‘찬가’는 교향곡과 칸타타가 결합된 독창적인 형식의 작품으로
웅장한 합창과 오케스트라, 그리고 섬세한 독창이 어우러져 
어둠에서 빛으로, 절망에서 희망으로 나아가는 인간의 여정을 그려냅니다. 

특히 이번 공연은 100번째 정기연주회를 기념하는 무대로
천안시립교향악단과 춘천시립합창단이 함께해 더욱 풍성한 화음과 감동을 완성했습니다.


🎼프로그램
00:28  F. 멘델스존 | 주께 환호하라
F. Mendelssohn | Jauchzet dem Herrn   

F. 멘델스존ㅣ교향곡 제2번 B♭장조 ‘찬가’, 작품번호 52
F. MendelssohnㅣSymphony No.2 in B♭ Major ‘Lobgesang’, Op.52

06:13  I. Sinfonia – Maestono con moto – Allegro
18:22  Allegretto un poco agitato
24:17  Adagio religioso
30:44  II. Chor: Alles, was Odem hat, lobe den Herrn
35:38  Sopran solo: Lobe den Herrn, meine seele
37:40  III. Recitativo(Tenor solo): Saget es, die ihr erlöst seid
40:31  IV. Chor: Saget es, die ihr erlöst seid
42:10  V. Sopran I und II solo. Ich harrete des Herrn
47:02  VI. Tenor solo: Stricke des Todes hatten uns umfangen
51:33  VII. Chor: Die Nacht ist vergangen
57:01  VIII. Chor: Nun danket alle Gott
01:00:55  IX. Sopran solo, Tenor solo: Drum sing ich mit meinem Liede
01:05:11  X. Schlusschor: Ihr Völker! Bringet her dem Herrn


01:13:57  R. V. 윌리엄스 | 옛 시편 100편
R. V. WilliamsㅣThe Old Hundredth Psalm Tune 


🎼출연
지휘 | 차영회 (예술감독)
테너 | 김세일
소프라노 | 이윤정, 좌정아
오르간 | 김지성
합창 | 천안시립합창단, 춘천시립합창단
연주 | 천안시립교향악단


💡 천안시립합창단
1990년 창단된 천안시립합창단은 뛰어난 기량과 신선한 기획력으로 천안시민들의 정서 함양과 예술 발전에 크게 이바지하며 합창음악의 지평을 넓혀왔다. 르네상스로부터 현대에 이르는 클래식 합창과 재즈와 대중음악까지 아우르는 폭넓은 레퍼토리를 자랑하는 천안시립합창단은 연 4회 이상의 정기연주회와 기획연주회는 물론, 다양한 형태의 찾아가는 연주회를 통해 학교와 지역센터, 요양원, 병원 등의 사회복지시설에 방문하여 평소 음악을 접하기 힘든 환경에 있는 시민들을 대상으로 연주활동도 펼쳐 지역사회의 높은 호응을 얻고 있다. 또한, 서울, 대전, 청주, 수원, 전주 등 수많은 타 지자체 예술단체들과의 교류·초청 음악회 및 협연을 통하여 활동 범위를 크게 넓혔으며, 문화예술의 도시 천안의 이미지와 위상을 드높여 시민들에게 큰 사랑을 받고 있다. 천안을 대표하는 전문연주단체인 천안시립합창단은 2025년 3월에 새로 취임한 차영회 예술감독과의 만남을 통해 다시 한 번 도약하며 뜨거운 감동과 즐거움을 선사하는 천안시민의 명품합창단으로 거듭나기 위해 최선의 노력을 다하고 있다.


📢 구독 & 좋아요 & 알림 설정으로 한경아르떼TV의 소식을 놓치지 마세요!  

🔗 인스타그램 @hankyungartetv  
🔗 홈페이지 www.artetv.co.kr  
🔗 카카오톡 http://pf.kakao.com/_Gxmgxen

#한경아르떼 #한경arteTV #한경아르떼TV #천안시립합창단 #천안예술의전당 #춘천시립합창단 #멘델스존 #Lobgesang",UCPglj7zGwmOlH8_31Tpgh8Q,한경arteTV,2026-07-04T10:00:06Z,4855,80.92,False,1452,51,1,https://www.youtube.com/watch?v=7LxKBoNHILM,116000,3896,PF245649,제57회 천안시립교향악단 정기연주회 [천안],서양음악(클래식),천안예술의전당 대공연장,2024-09-06,2024-09-06,,,,mismatch,match,0,False,False,0,no_strong_signal,날짜 불일치(다른 회차 가능성); 장소 일치
U2TL0m_iG_o,안산시립국악단-꿈꾸는 안산 아시아를 가다. 5 -오케스트라를 위한 '한',,UCS9mTKFWgogGiECZxiVbCSg,IS company,2016-10-24T16:21:25Z,983,16.38,False,441,4,0,https://www.youtube.com/watch?v=U2TL0m_iG_o,325,116,PF245649,제57회 천안시립교향악단 정기연주회 [천안],서양음악(클래식),천안예술의전당 대공연장,2024-09-06,2024-09-06,,,,none,none,0,False,False,0,no_strong_signal,신호 없음
r3Bgl23RxVM,[전주시립교향악단] 현악앙상블 String Ensemble,"00:00
D. Shostakovich | The Second Waltz No.2
쇼스타코비치 | 왈츠 제2번

03:52
Tango Medley
아코디언 알렉산더 - 쉐이킨

09:07
French Mood
아코디언 알렉산더 – 쉐이킨

18:22
Cinema paradiso
소프라노 - 하나린

22:06
M. Jarre – Lara’s theme
(Dr. Zhivago OST)
아코디언 알렉산더 - 쉐이킨

25:44
꽃밭에서
소프라노 – 하나린

30:25
I could have danced all night
소프라노 – 하나린

33:57
C. Gardel – Por una Cabeza
(Scent of a woman OST)
아코디언 - 알렉산더 쉐이킨

36:35
A. Piazzolla – Libertango
아코디언 - 알렉산더 쉐이킨

2020.10.27. 목 7:30 PM 덕진예술회관
문화가 있는 날",UCwHrpiUM1KdgWsw6DE0dTZQ,전주시립예술단JEONJU-ART-GROUP,2020-11-03T02:24:42Z,2769,46.15,False,1140,22,2,https://www.youtube.com/watch?v=r3Bgl23RxVM,850,159,PF245649,제57회 천안시립교향악단 정기연주회 [천안],서양음악(클래식),천안예술의전당 대공연장,2024-09-06,2024-09-06,,,,mismatch,none,0,False,False,-2,delete_candidate,날짜 불일치(다른 회차 가능성)
7zuWOAPg9To,"동영상 리뷰, 임상규 WITH 안산시립국악단, 신년 콘서트로 2019년 ‘첫걸음’","동영상 리뷰, 임상규 WITH 안산시립국악단, 신년 콘서트로 2019년 ‘첫걸음’ 

우리나라 최강이라 해도 모자람이 없는 안산시립국악단의 연주
줄타기, 몽골악기 림베등 맛나게 버무려 관객의 환호 이끌어내

안산시립국악단은 지난 17일 안산문화예술의전당 해돋이극장에서 윤화섭 안산시장을 비롯한 시민 1천여 명이 참석한 가운데 신년콘서트를 성황리에 마쳤다.

이날 음악회는 국악관현악 최정상 마에스토라 일컬어지는 임상규씨가 지휘를 맡아 국악관현악곡 ‘흥’으로 신년음악회의 서문을 열었다. 

이어 명창 남해웅의 재담과 하늘을 나는 줄타기 예인 남창동군이 안산시립국악단과 멋진 협업으로 세련미와 역동성을 불어넣었다. 또 소리꾼 김준수가 ‘꿈이로다’를 열창하며 국악관현악의 서정적 매력과 몰입도를 높였다.

특히 가수 왁스(Wax)의 첫 국악 콜라보 무대인 이번 무대는 여정, 화장을 고치고, 오빠등 대표적 히트곡으로 관객의 박수를 이끌어냈다.

뿐만 아니라 순환호흡법으로 연주하는 몽골의 악기 림베가 선보였다. 연주자 다비후 간소가루의 참여로 음악회의 신선한 효과를 더했다.
 
공연을 지켜본 전통문화예술평론가인 제주국제대학교 조성빈 특임교수는 ""이번 음악회는 새로운 국악의 지평을 여는 첫 신호탄‘이라며 ""조선시대 안산에 국민화가 김홍도가 있었다면 현재에는 어딜 가도 전 국민에게 사랑받는 국악단이 있다.“며 ”올해는 대한민국을 넘어 세계에서도 주목받는 국악단이 되기를 기대한다.""고 전했다.

한편 이날 마지막 앙코르무대는 안산시립국악단의 연주에 전 관람객이 모두일어나 환호하는 하나 된 무대가 만들어졌다.",UCdh1_pbf2JZD9pst20Mj_9w,kimgajoong,2019-01-24T04:11:05Z,674,11.23,False,35,4,0,https://www.youtube.com/watch?v=7zuWOAPg9To,1570,4556,PF245649,제57회 천안시립교향악단 정기연주회 [천안],서양음악(클래식),천안예술의전당 대공연장,2024-09-06,2024-09-06,,,,none,none,0,False,False,0,no_strong_signal,신호 없음
P4GiBWTga_8,"[금강방송] 시립교향악단 논란, 이번엔 익산시 교향악단이 반박","@kcn_official   #시립교향악단, #논란, #반박

최근 익산 6개 음악단체가
익산시교향악단 측의 
일방적인 시립교향악단 창단을 위한
예산 상정을 비판했는데요.
익산시의회가 추경예산을 삭감한 이후 
이번에는 익산시교향악단이 기자회견을 열고
반박에 나섰습니다.
익산 음악단체들 사이에서 
시립교향악단 설립을 놓고
공방이 이어지고 있습니다.",UC7SpUV7uuBJuIAqDkOOr-6w,금강방송,2021-07-28T01:26:31Z,237,3.95,False,390,6,0,https://www.youtube.com/watch?v=P4GiBWTga_8,34000,8918,PF245649,제57회 천안시립교향악단 정기연주회 [천안],서양음악(클래식),천안예술의전당 대공연장,2024-09-06,2024-09-06,,,,none,none,0,False,False,0,no_strong_signal,신호 없음
tJ6fdh0Qfr4,조재혁 정한빈 / S. Rachmaninoff  Five romances in handling for 2 pianos by I. Tsygankov,,UCX7tYTduIBaN4vCONZfDMMA,musical moments,2023-05-21T08:26:04Z,597,9.95,False,371,17,4,https://www.youtube.com/watch?v=tJ6fdh0Qfr4,607,87,PF245649,제57회 천안시립교향악단 정기연주회 [천안],서양음악(클래식),천안예술의전당 대공연장,2024-09-06,2024-09-06,,,,none,none,0,False,False,0,no_strong_signal,신호 없음
0-ggpmSBLng,"[청주시립무용단] 숲속공연 中 ""지천공명"" - 무용과 함께 힐링타임","청주시립예술단 코로나19 극복 프로젝트
""청주시립예술단이 집으로 배달하는 예술택배""
코로나19로 지친 시민들을 위로하기 위해 온라인으로 공연 영상을 선보입니다.

김진미 예술감독의 안무로 바쁜 일상 속 지친 시민들의 주말 여가문화를 위하여 국립청주박물관 야외무대에서 선보인 숲속 힐링 공연입니다.

청주시립무용단(예술감독 겸 상임안무자 김진미)
공연일 :  2019. 10. 26.(토)
장  소 : 국립청주박물관 야외무대

#청주시립무용단 #청주시립예술단 #예술택배 #코로나극복프로젝트 #무용 #한국무용 #국립청주박물관 #숲속공연 #야외공연 #힐링공연 #지천공명 #김진미예술감독

※ 본 창작 작품은 김진미 예술감독의 안무로 청주시립무용단에게 저작권이 있으며, 무단 사용, 복제 등을 금지하고 있습니다.",UCpyaM8woA6_i9OLMFVsO-fw,청주시립예술단,2020-04-03T00:13:24Z,259,4.32,False,1858,38,0,https://www.youtube.com/watch?v=0-ggpmSBLng,3090,649,PF245649,제57회 천안시립교향악단 정기연주회 [천안],서양음악(클래식),천안예술의전당 대공연장,2024-09-06,2024-09-06,,,,none,none,1,False,False,1,no_strong_signal,신호 없음
EiMbedZupwY,"인천시립무용단 베스트 레퍼토리 ""건너편, Beyond"" 미리보기","인천시립무용단 베스트 레퍼토리 ""건너편, Beyond"" 미리보기

삶의 건너편, 
몰아치는 움직임으로 이끌어낸 윤회의 시간

2018년 초연으로 한국무용과 현대무용의 경계를 부수어 동시대적
한국춤의 다양한 가능성을 제시했다는 평과 함께 인천시립무용단의
폭넓은 스펙트럼을 각인시킨 작품 ""건너편, Beyond""가 돌아옵니다.
강렬하고 자유로운 몸의 언어로 삶과 죽음의 회화를 그린 작품
""건너편, Beyond""를 라이브 중계로 만나볼 수 있습니다. 

7월 11일, 라이브 중계를 기대해 주세요!


- 라이브 중계 안내 - 

일시 : 2020년 7월 11일(토) 17시 
채널 : 인천시립무용단 네이버TV 공연 LIVE 
       인천문화예술회관 유튜브 채널 스트리밍 
       아르떼TV 채널 라이브 중계


""건너편, Beyond"" 웹전단
http://imdt.or.kr/home/events/id-1/",UCrFUIM--ORpvlaSMgELJ9zQ,인천문화예술회관,2020-07-06T04:50:00Z,42,0.7,True,154,3,0,https://www.youtube.com/watch?v=EiMbedZupwY,1610,225,PF245649,제57회 천안시립교향악단 정기연주회 [천안],서양음악(클래식),천안예술의전당 대공연장,2024-09-06,2024-09-06,,,,none,none,0,False,False,0,no_strong_signal,신호 없음
JF-s-sF9h5w,2021.10.02. 17:00 임동민＆임동혁 Meets 디토 오케스트라 - 용인 커튼콜 (임동민),,UC5u9zdwzn9xTzDc9Fgt0okQ,커튼콜러,2021-10-20T14:32:30Z,15,0.25,True,292,4,0,https://www.youtube.com/watch?v=JF-s-sF9h5w,1430,404,PF245649,제57회 천안시립교향악단 정기연주회 [천안],서양음악(클래식),천안예술의전당 대공연장,2024-09-06,2024-09-06,,,,none,none,0,False,False,0,no_strong_signal,신호 없음
R51v0EJCQmo,안성시립소년소녀합창단 제 8회 정기연주회,"코로나로 연습과 공연이 어려운 상황이라서
영상 제작에 비중을 두고 희망의 멧세지를 둔 내용으로 
We Rise Again 이라는 주제로 공연을 가졌습니다.",UC8QpVtBGunfbgmgw63Qy3Rg,in soon Jang,2022-05-29T12:59:59Z,3976,66.27,False,114,3,0,https://www.youtube.com/watch?v=R51v0EJCQmo,6,11,PF245649,제57회 천안시립교향악단 정기연주회 [천안],서양음악(클래식),천안예술의전당 대공연장,2024-09-06,2024-09-06,,,,none,none,0,False,False,0,no_strong_signal,신호 없음
AFz1okVy2Rk,낼모래 수원시립교향악단 협연 티켓 이벤트 (짧아요!) concert ticket event (kor),댓글 혹은 hh@jihaepark.com 여기로 이멜 주셔요~^^,UCZEcXyEuB7AILnaAwhsYiMQ,박지혜 TV 바이올리니스트 Violinist Ji-Hae Park,2021-11-09T09:30:10Z,159,2.65,False,1623,125,34,https://www.youtube.com/watch?v=AFz1okVy2Rk,120000,854,PF245649,제57회 천안시립교향악단 정기연주회 [천안],서양음악(클래식),천안예술의전당 대공연장,2024-09-06,2024-09-06,,,,none,none,0,False,False,0,no_strong_signal,신호 없음
gI8OoQCt7lg,경주예술의전당,,UClvPmzD7SQu4YgFj4uztOOw,Pa Ta Yat,2018-10-09T08:40:59Z,57,0.95,True,413,9,0,https://www.youtube.com/watch?v=gI8OoQCt7lg,37,30,PF245649,제57회 천안시립교향악단 정기연주회 [천안],서양음악(클래식),천안예술의전당 대공연장,2024-09-06,2024-09-06,,,,none,none,0,False,False,0,no_strong_signal,신호 없음
bdYPkGFKFHk,[콩쿠르마스터릴레이콘서트_천안예술의전당] D. G. Türk / Sorgenlose Heiterkeit,"한세피아노페다고지연구회와 함께하는 콩쿠르마스터릴레이콘서트
2022년 9월 15일 (목) 오후 7시
천안예술의전당  소공연장 

 D. G. Türk / Sorgenlose Heiterkeit


연주자(Performer): 박소연

* 피아노교수법을 연구하는 한세피아노페다고지연구회는 한세대학교 피아노교수학 전공 교수진과 박사 재학생 및 졸업생이 주축이 되어 만든 단체입니다.

한세피아노페다고지 http://www.hanseipianopedagogy.com/

한세피아노페다고지연구회의 출판프로젝트로 진행된 ‘시대별 콩쿠르 선곡집 [콩쿠르 마스터 1-3]에 악보가 수록되어 있습니다. 

예솔출판사 http://www.yesolpress.com",UC8No4WQNkdxO_Uj5EHVyhCw,한세피아노페다고지프로젝트,2023-05-12T05:04:24Z,35,0.58,True,99,3,0,https://www.youtube.com/watch?v=bdYPkGFKFHk,367,231,PF245649,제57회 천안시립교향악단 정기연주회 [천안],서양음악(클래식),천안예술의전당 대공연장,2024-09-06,2024-09-06,,,,none,match,0,False,False,2,no_strong_signal,장소 일치
BsKEvxjOSuA,2017 11 11 천안박물관 토요상설무대 천안시립예술단2,설명,UCAM1k_lMT-10-hq1HYqKTIg,윤석근,2017-11-17T15:23:20Z,229,3.82,False,25,,,https://www.youtube.com/watch?v=BsKEvxjOSuA,46,289,PF245649,제57회 천안시립교향악단 정기연주회 [천안],서양음악(클래식),천안예술의전당 대공연장,2024-09-06,2024-09-06,,,,none,none,0,False,False,0,no_strong_signal,신호 없음
_ZBpgfC7UbI,가브리엘스오보에,,UCMakzaoqtiUkMNInZStQZDw,장기남,2018-02-12T09:17:42Z,219,3.65,False,63,1,0,https://www.youtube.com/watch?v=_ZBpgfC7UbI,2,1,PF245649,제57회 천안시립교향악단 정기연주회 [천안],서양음악(클래식),천안예술의전당 대공연장,2024-09-06,2024-09-06,,,,none,none,0,False,False,0,no_strong_signal,신호 없음
C1CQKsQ4mrg,조재혁의 베토벤 피아노 소나타 #shorts,"크클클TV 채널멤버십 가입 https://url.kr/tygqlc
여러분의 소중한 후원으로 크클클TV의 컨텐츠가 제작됩니다.

Produced by DITTO Digital Odyssey ©DITTO Digital Odyssey",UCzeI-g0D1Vi-kaNLmnWNRVQ,크클클TV - 크레디아클래식클럽 TV,2023-05-30T15:00:14Z,60,1.0,True,1873,80,2,https://www.youtube.com/watch?v=C1CQKsQ4mrg,58600,1140,PF245649,제57회 천안시립교향악단 정기연주회 [천안],서양음악(클래식),천안예술의전당 대공연장,2024-09-06,2024-09-06,,,,none,none,0,False,False,0,no_strong_signal,신호 없음
