video_id,comment_id,author,text,like_count,published_at
pTJPmY7ZFJY,UgyKMCv7bJh2Roe3s9F4AaABAg,@MiheesEasyRecipes,힐링하고갑니다^^,1,2019-09-21T06:22:26Z
pTJPmY7ZFJY,UgwFfF57pxWeo7C8VKR4AaABAg,@gagamin2,헐 이분 영상 있을줄은 꿈에도 모름....,2,2020-08-25T20:11:11Z
19SJy7Vh4QM,Ugz2y92NcbLmPkhiI7x4AaABAg,@김영복-v5d,you'll be even better in the future...,2,2026-06-30T06:34:06Z
D-3VricvV0E,Ugz-mGQweguHNmLl88N4AaABAg,@윤경미-e1l,"온가족과 같이 가서 들었어요, 넘 좋은 연주 들려주셔서 감사드립니다!!",0,2021-07-04T05:02:57Z
D-3VricvV0E,Ugy0Z6Xg1BORohMfQEZ4AaABAg,@맨날배고파-m3u,좋은 공연이네요!,0,2021-07-01T13:33:02Z
ZuZskjIYkOs,Ugy4kVYhnTIwlvGtnW54AaABAg,@권단열-u3u,"빛이 나는 느낌 
저는 친한 동생이랑 
그분이 오신다고 표현하곤 했어요
수진님 연주를 들으면 
살아가면서 여기저기 치이면서 상처받은 
마음을 깨끗이 씻어주는 느낌이 듭니다
아름다운 연주 감사합니다
항상 건강하고 행복하시길 바랄께요",35,2019-12-10T17:10:06Z
ZuZskjIYkOs,UgxRjn6whkPAl3i_eIF4AaABAg,@윤센세-n3z,제 돈으로 처음 클래식 연주회 티켓구매를 하게 만드신 한수진님 사랑합니다. 오래오래 건강한 연주 들려주세요^^,16,2019-12-15T15:34:02Z
ZuZskjIYkOs,UgxzMbMIE4lZ4RQ--nl4AaABAg,@hasuplay,천사같으신분,6,2021-02-08T14:48:46Z
ZuZskjIYkOs,UgzthF820Lvdx8QlwAB4AaABAg,@평창댁,부라보~~~부라보~~~부라보~~~브람스를 알고시퍼지는군요...,5,2020-07-14T09:52:22Z
ZuZskjIYkOs,UgxcPnP2SvxYEi8t5jZ4AaABAg,@igo-mhc,귓속을 지나가는 바이올린 소리에 기분좋은 꿈 꿀듯해요.,11,2019-12-10T16:21:01Z
ZuZskjIYkOs,UgwwYi9cdTPNuH1n_IB4AaABAg,@헤르미온니-e4m,1악장듣고 2악장까지 들었는데 3악장은 없네요ㅠㅠ 수진님의 연주로 3악장도 듣고싶은데 올려주실 수 있으실까요??🙏🙏항상 수진님의 음악으로 위로받고 있어요 코로나가 얼른 잠잠해져서 실황으로 꼭 듣고 싶네요 귀한 연주 들려주셔서 감사합니다💛🧡💚,7,2021-01-21T02:29:26Z
ZuZskjIYkOs,UgwcIBkLvjSICnFxWr94AaABAg,@필그림-v1t,"장인 정신이 없으면 영감은 바람 속에 흔들리는 단순한 갈대에 지나지 않는다. -브람스-

초겨울 외로움에 지친영혼을 위한
가슴벅찬 연주에 감사드립니다",10,2019-12-11T07:15:18Z
ZuZskjIYkOs,Ugz17vI1Qwiu4BnGIZN4AaABAg,@김진환-v3u,표정 몸짓 너무너무 멋지고  아름답다ㅜㅜ,7,2020-01-09T12:09:57Z
ZuZskjIYkOs,Ugyp_zRyzCm98BTUH5N4AaABAg,@HanaLee2121,"덕분에 요즘 클래식과 친해지는 느낌이에요. ^^ 좋은 영상, 음악 고맙습니다!",12,2019-12-10T16:16:30Z
ZuZskjIYkOs,Ugz_LOVT2m0BOP6Il3R4AaABAg,@kkk-iu1hm,한수진님연주를들으면들를수록가슴에와닿는느낌이에요,8,2019-12-11T14:00:22Z
ZuZskjIYkOs,UgyFUNmu42SXqC3w4yJ4AaABAg,@euthymia-y1f,"어느 쌀쌀한 겨울날 잎사귀 하나 없이 앙상한 나무들이 양가로 확 펼쳐져 끝없이 뻗은 거리를 한 남자가 걷고 있습니다 조금은 쓸쓸해 보이는 남자의 등 위로 코트 깃이 살짝 올라와 있고 남자는 코트에 손을 찔러 넣은채 아주 조금씩 내리는 그 해 첫 눈을 맞고 있죠 하지만 첫 눈임에도 설레임은 없고 남자는 달갑지 않습니다 아니 의식조차 못한채 정처없이 뻗은 그 거리를 쏘다니죠
남자의 머릿속은 이루어질 수 없는 사랑으로 인한 실연의 상처와 고통으로 가득차있죠 그에게 첫 눈은 쓰라린 가슴에 마치 소금이 되어 그의 마음을 아프게 합니다 그러다 문득 멈춰서 고개를 들어 하늘을 보니 아이러니하게도 세상은 아름답게도 온통 하얗습니다 신의 장난같이 너무도 아름답고도 쓰라립니다 남자의 눈엔 눈인지 눈물인지 모를 뜨거운 것이 함께 녹아내립니다 그렇게 그 남자는 첫 눈을 맞습니다
놀라운 연주에 제 미천한 감상평입니다
오늘도 영화같은 연주, 마음과 귀를 두드리는 연주 너무 감사합니다
한수진님의 연주엔 늘 무언가 어떤 스토리와 장면들이 떠오르고 또 다른 예술적 감흥을 일으켜 주십니다 저도 예술계 종사하는 사람으로서 늘 감정의 많은 정화와 마음의 안식을 얻어갑니다
추운 겨울 건강 유념하시길 바랄께요!",7,2019-12-10T21:29:15Z
ZuZskjIYkOs,UgwLMiJY5Xkp7HbSCIt4AaABAg,@sj-pq8de,"여기에 댓글을 올리신
한분한분 모두 시인 이시네요~^ ^",8,2019-12-11T05:35:08Z
ZuZskjIYkOs,UgzEVUfQN9MUbQgcmht4AaABAg,@러브스,"한수진,,,언제나 멋져요",7,2019-12-11T13:39:31Z
ZuZskjIYkOs,UgxDzW_MCBea2AzM9o14AaABAg,@gianti7757,"유일한 낙입니다.
많은 힘이 됩니다.
항상 감사합니다.",8,2019-12-11T08:06:07Z
ZuZskjIYkOs,UgwrkRqtfSWvTCcIR754AaABAg,@파도소리-m8p,"물 과 공기  태양 없이는 살수있다.그러나  ,한수진  없으면 못산다!!~~^^♡❤❤❤❤❤",2,2024-09-30T11:32:22Z
ZuZskjIYkOs,UgySCrj4aUEXa_oWxal4AaABAg,@명동백작-o8b,아~떨려요..한수진 씨! 게다가 미모도 갖추시고~,4,2020-10-07T04:14:35Z
ZuZskjIYkOs,Ugw5VTWM3KfOpRdBzJB4AaABAg,@wtbyasf1,언제나 아름다운 연주시네요 :),10,2019-12-10T16:21:33Z
ZuZskjIYkOs,Ugwgk-94OItvFq0WKcB4AaABAg,@hasuplay,존경하고 사랑합니다,8,2019-12-10T17:25:45Z
ZuZskjIYkOs,UgwItEayey5eUEX7ufx4AaABAg,@april4269,정말 사랑합니다. 한수진 바이올린리스트!!!!!!!!,6,2019-12-18T07:17:21Z
ZuZskjIYkOs,UgyOpam3AvGsSqIR1Ll4AaABAg,@박리안-v2s,태교를 한수진님 영상으로 하게됐어요♡,7,2019-12-28T14:11:48Z
ZuZskjIYkOs,UgxRoidOZh72DeHMJFJ4AaABAg,@persu2099,2년뒤에 공연장에서 뵐게요 ♡,5,2019-12-14T17:51:39Z
ZuZskjIYkOs,UgzDX-TGLQEscWCW_Mh4AaABAg,@안수아-d5l,오호 역시 브람스ㅠ아름다운 선율이 가슴을 적시는것 같아요 겨울밤에 넘 어울리는 곡이예요 감사합니다,9,2019-12-10T16:42:37Z
ZuZskjIYkOs,Ugz_u3N3yt81HzIkeid4AaABAg,@jhjhjh1101,클래식을 잘 몰랐는데 어제 우연히 채널을 접하게 되어 구독했어요. 정말 듣기 좋네요. 👍,13,2019-12-10T16:21:33Z
ZuZskjIYkOs,Ugzz6tcQ6-x6qvcdv5R4AaABAg,@elaine9661,"참...소리가 어쩜 그리 맑고 아름다운지요...깊이 있을 땐 깊이 있게, 맑을 땐 맑게, 경쾌할 땐 경쾌하케 그 대조도, 감정표현도 정말 아름답습니다!👍👍",7,2020-01-06T11:55:59Z
ZuZskjIYkOs,UgyuxSOocNWBmx2mhwt4AaABAg,@3rdLife74,"정말이지 신께서 주신 반짝반짝 빛나는 재능입니다...
들을때마다 감탄하고 있고,
꼭 부산에 공연 오셔서 제 귀를 호강 시킬 수 있는 영광을 주시기 바랍니다.",8,2019-12-14T11:54:38Z
ZuZskjIYkOs,UgwwagYVs4p3Pudt9R54AaABAg,@user-br4uo7mp6p,아침에 눈뜨고 영상을 켰는데 올라오자마자 봤던건데 댓글을 안달았더군요;;  그래서 다시 감상하며 글 남깁니다. 오늘도 행복하고 상쾌한 하루 보내세요 ~,7,2019-12-15T22:30:03Z
ZuZskjIYkOs,UgwT7v8C0wmBOA2vfVJ4AaABAg,@무아공,너무나 멋진 연주네요!! 최고입니다!!!,9,2019-12-18T15:57:14Z
ZuZskjIYkOs,UgzYnyBYeXrKZmAsMmp4AaABAg,@냥-147,항상 잘 보고 있습니다 :) 멋져요!!,8,2019-12-10T16:13:19Z
ZuZskjIYkOs,Ugz6GnaIkqs6UpLVNBZ4AaABAg,@johnclayton9379,와 이런 영상 올려주셔서 대단히 감사합니다,8,2019-12-11T11:27:54Z
ZuZskjIYkOs,UgxB_WPEwcXUvSSRXft4AaABAg,@풀빛x대치,"클래식 밴드에서 알게되어 듣기만 하다가 처음으로 댓글 다는군요. 연주실력도 빼어 나시고, 마음씨도 고우시고... 나라의 보배 라고 생각해요. 건강 하시고 얼굴에 미소가 더 활짝 빛나는 연주자 되시길 응원합니다. 항상 빛나는 날이 되시길 빌께요 ~^^",12,2019-12-14T12:38:51Z
_5ofj3ksUQc,Ugyd5evX4z7ghK7M1sp4AaABAg,@TOWMOO,"레이첸 리사이틀 예매링크 (마감임박)
https://tickets.interpark.com/goods/24009415

안녕하세요, 또모입니다 !

전 세계가 주목하고 있는 경이로운 바이올리니스트, 레이 첸의 리사이틀이 8일만을 앞두고 있습니다!

9월 19일 목요일 7시 30분, 롯데콘서트홀에서의 공연 종료 후
많은 사랑을 보내주시는 관객분들과 가깝게 만날 수 있는 사인회를 진행합니다🤩
(많은 관객으로 인한 안전상의 이유로 150명의 관객분에 한해 사인회가 진행될 예정입니다🥺)

아래 사인회 참여 방법을 통해 레이 첸 바이올리니스트와의 특별한 순간을 함께해보세요✨


[ ✨한정판매✨ 레이 첸 바이올린 내한 리사이틀 기념 CD+사인회 사전 구매 안내 ]

📌상품 구성 
1) RAY CHEN - THE GOLDEN AGE [레이 첸: 골든 에이지] CD 1개
2) 사인회 참여권 ( 9/19 레이 첸 바이올린 내한 리사이틀 종료 후 )
가격 : 30,000원

📌구매방법
1. 구글폼 작성 후 제출
2. (주)오리지널라이브 계좌이체 입금 (~9월 13일 금요일 낮 12:00 까지)
3. 구글폼 신청자와 입금자 대조 후 9월 17일 화요일 구매확정 문자 일괄 발송

신청 링크 : https://forms.gle/7ydLURrYDadzhzoo9

📌입금계좌
우리은행 1005-504-130176 (주)오리지널라이브

📌CD수령 및 사인회 참여방법
1. 공연 당일 티켓박스에서 예매티켓 수령 (티켓박스 오픈 18:00)
2. 예매티켓 수령 후 MD부스에서 구매확정 문자와 예매티켓 증빙 후 CD 수령 (MD부스 오픈 18:30)
3. 공연 종료 후 사인회 대기줄에서 구매확정 문자와 CD 소지 증빙 후 사인회 참여
* 사인회는 공연 종료 시점부터 10분 뒤 시작됩니다.

🚨구매 시 주의사항 (필독)
1. 본 CD+사인회 상품은 150개 한정 수량으로 판매됩니다.
2. 본 CD+사인회 사전구매는 공연 예매자 대상으로 판매되는 상품입니다. 구글폼 제출 시 온라인 예매내역서가 확인되지 않는다면 구매는 자동 취소됩니다.
3. 9월 13일 금요일 낮 12시까지 입금이 확인되지 않으면 구매는 자동 취소됩니다.
4. 미입금자로 인한 상품 재고 발생 시 현장에서 판매됩니다.
5. 입금자와 신청자명이 상이할 시 확인이 어렵습니다. 필히 동일한 성함으로 신청 및 입금 부탁드립니다.
6. 150명 초과 신청 및 입금 시 선착순으로 신청자+입금자 대조를 확인하여 150명 이후 신청자+입금자는 환불처리될 예정입니다.",6,2024-09-16T15:06:14Z
_5ofj3ksUQc,Ugy-QaRzkw-NW4iOk_p4AaABAg,@hillsongms,한국음악잘한다고 하는데 그러면 왜 다 유학을감? 유학을 와야지ㅎ유학갔다와서 잘한거자나...순수 국내파 탑클라스는 몇없지 않나?,14,2024-09-30T09:52:16Z
_5ofj3ksUQc,Ugw89nXgRIhKhETsFdp4AaABAg,@남천동준이,와 브람스는 진짜 최고다 ㅋ,11,2024-09-18T11:16:31Z
_5ofj3ksUQc,Ugx4sPb5ZgpL_jbeXm94AaABAg,@aussiemooyoung,저 앞에 넋 놓고 직관하는 학생들이 부럽네요,10,2024-09-16T21:57:54Z
_5ofj3ksUQc,UgwVaYcYohfF3sFybFx4AaABAg,@dreamerer2297,저 학생들 엄청난 참고가 되겠네요,5,2025-01-16T04:35:54Z
_5ofj3ksUQc,Ugx_TG2dj8WpD184Lmt4AaABAg,@elyxioncarat746,제가 이걸 진짜 얼마나 ㅣ기다렸는데요 ㅠㅠㅠㅠㅠㅠㅠㅠ 풀버전 영상으로 보고 싶어서 또모 영상 수천번 돌려봤는데 진짜 풀버전이라니 레이첸 사랑해요 ❤ 12월에 내한 또 해주세요 제발,20,2024-09-16T14:22:17Z
_5ofj3ksUQc,UgzAlwqd8z3xjMaHug14AaABAg,@vn.l3775,"영국에서 공부하는 바이올린 전공자로서 한마디 하자면 샤콘느라느는 곡을 들고 왔으면 아주 당연하게 심사자는 연주자가 바로크 음악을 할 수 있는 역량과 연주자가 바로크음악을 얼마나 진지하게 공부했는지 평가하게 됩니다, 제 영국인 독일인 선생님 모두 입시준비할때 바흐는 바로크 스타일을 살려서 공부하도록 말씀하셨구요. 바로크곡을 들고가서 냅다 낭만곡처럼 연주하면 그 곡을 준비한 의도에도 맞지 않고 당연히 감점입니다. 그래서 어느 대학입시나 또는 세계적인 콩쿨에서도 낭만주의 곡과 고전시대 그리고 바로크시대 곡을 모두 연주하도록 해서 각 시대에 맞는 스타일로 연주 할 수 있는 역량을 평가하는게 클래식 음악이라는 장르입니다. 입시평가하시는 분들은 그 당연한 부분을 지적한거고요.",6,2025-10-20T17:33:33Z
_5ofj3ksUQc,Ugy6Yx5FSveyYtLg-mF4AaABAg,@ooooo2548,레이첸님 넘 팬이에요 ❤❤❤ 2019년도인가 브람스 부르흐를 하루에 연주하셔서 너무 놀랍게 봤던 기억이 있는데요 😊😊이번에도 좋은 연주 들려주시기를 응원하며 기대합니다  ^*^,11,2024-09-16T14:25:32Z
_5ofj3ksUQc,UgzduHoG1rM-rNlW5r54AaABAg,@도깨비시장상도동산악,바이올린의 ㅂ도 모르는데… 듣기 너무 좋네요,7,2024-12-10T08:16:27Z
_5ofj3ksUQc,UgwUtfep_3P8wNtKSkx4AaABAg,@펜돌리기,*와.....😮😮😮😮 너무 좋다..😊😊*,9,2024-09-16T13:40:36Z
_5ofj3ksUQc,Ugx7vbd9_eInWOq-KlZ4AaABAg,@강태현-j8p,"우와아아아아아아아아 !! 너무 조으다 !!
추석의 여유로운 일상에 햇살같은 영상 감사합니다 !!
나는 언제쯤 저런 연주가 가능할라나 ..ㅠㅠ 나두 샤콘느 ........ 번호도 1004인데 뭔가 슬픔에 속상할때 천사가 위로해주는거 같아서 넘 조으다..........ㅠㅠ",23,2024-09-16T14:02:54Z
_5ofj3ksUQc,Ugxl-16kh4K-6IGJcDJ4AaABAg,@887qwert6,샤콘느는 진짜 바이올린 한대가 내는 소리가 맞나 싶을 정도네..,3,2025-07-21T02:18:57Z
_5ofj3ksUQc,UgwCUqJAKfqtG7fe3-F4AaABAg,@hillsongms,여튼 세계적인 콩쿨우승자의 클라스는 소리부터 다르군요.,5,2024-09-28T07:00:18Z
_5ofj3ksUQc,UgxBx92jehZRcuCL1X14AaABAg,@bwv_1031,예술이다. 바이올린에 음악의 신이 내려앉았다.,5,2024-09-16T16:45:32Z
_5ofj3ksUQc,UgyaPwi6xI-kTFrp14R4AaABAg,@polarbear3886,"바흐의 샤콘느 정말 좋은 곡 최초로 들었을 때 충격을 받을 정도였는데 소수의, 극히 소수의 사람들은 아주 어릴 때 본인이 직접 연주하면서 샤콘느를 최초 듣지 않았을까 생각합니다 충격과 감동을 다 헤아리기 어렵습니다 레이 첸도 그런 부류 아닐까 생각해 봅니다",9,2024-09-16T22:30:59Z
_5ofj3ksUQc,UgwgRGm0rB23ZisYwqp4AaABAg,@Fukhanhwamana,이렇게 잘하는데 한국입시에는 실패하게되는 레이첸,255,2024-09-16T14:06:37Z
_5ofj3ksUQc,UgyjLfcr42QT5uNKTEp4AaABAg,@봄날아어서와,아 정말 너무좋아요❤❤,0,2026-05-30T02:43:11Z
_5ofj3ksUQc,UgxTsA-UQnOQeYIqg154AaABAg,@jaiwbejekwk,바흐 샤콘느 완전 취향저격! 바흐만 따로 영상 다시 올려주시면 인되나요?,3,2025-02-14T02:46:16Z
_5ofj3ksUQc,UgwdROrbXb6sA9N3dUN4AaABAg,@tomylee57,"역시 입시는 혈연, 학연, 지연이 우선이지.. 어데 레씨고??",4,2024-12-25T05:44:46Z
_5ofj3ksUQc,UgwcRmWPw5tkv-nTWVl4AaABAg,@zoekim3899,보러가고 싶었는데 입시라..ㅠㅠ 이렇게라도 볼 수 있어서 감사합니다☺️,2,2024-09-17T04:11:45Z
_5ofj3ksUQc,Ugzs5aoml6iEPt-4OIB4AaABAg,@열여덟둥스,넘좋아요 ❤,2,2024-09-16T13:33:11Z
_5ofj3ksUQc,UgzW9gRzttn8w23Z57Z4AaABAg,@YKJ4164,아 기다렸습니다,0,2024-09-17T06:32:43Z
_5ofj3ksUQc,UgwbeJ3f80N5CjN_cB54AaABAg,@라이트-s8h,저 악기가 하이페츠가 소유했다던 그 스트라디바리?,4,2024-09-17T03:28:39Z
_5ofj3ksUQc,Ugze0zIrAvXE8egzWZ14AaABAg,@이호준-d8j,요번에 롯데콘 불발되서 상당히 아쉽지만 그무대의  선율이 똑같이 느껴져서 안심이됩니다,3,2024-09-17T13:42:08Z
_5ofj3ksUQc,UgwJ_cRCkgG7ARbFDgZ4AaABAg,@안용주-m2l,outstanding violinist...!!🎉,1,2025-05-20T00:39:51Z
_5ofj3ksUQc,Ugz23zLAPaz-DDE7wGx4AaABAg,@lovebach1898,감동입니다❤,0,2025-02-04T21:37:39Z
_5ofj3ksUQc,UgwSRI6O9rdWbd9zE-d4AaABAg,@momo-oh3cc,음향장비가 너무 좋은가봐요ㅎ물론 너무 실력있는 레이첸의 연주지만요~~,3,2024-09-16T22:57:07Z
_5ofj3ksUQc,UgyLXy5G63OYsw8YDdR4AaABAg,@domenicoscarlatti6682,"bwv1006 너무 좋아요!
몰카 영상에서는 조금만 듣고 끊은 줄 알았는데 한참 들었네요
어떻게 저만큼 듣고도 거장의 연주인 걸 모를 수가 있는지",0,2026-01-21T18:03:39Z
_5ofj3ksUQc,UgxwPEP6ZKOUFf74ujl4AaABAg,@Stickmanfighter-k7s,아니 레이첸  브람스하는 첫부분에 빨리감기한줄 알았다고ㅋㅋ 근데 난 바흐 샤콘느가 내 취향 ㅎㅎ,1,2025-01-28T05:53:23Z
_5ofj3ksUQc,UgzzvQWPA05Fkx-7iKd4AaABAg,@히루구독해,감사합니다❤,6,2024-09-16T13:15:16Z
ZpS6hkUicW0,Ugw0lOvTy33CqppfQ214AaABAg,@JYKIM-jw2wd,너무 좋네요! 한수진님은 대한민국 최고의 바이올리니스트세요!❤❤❤,19,2025-03-20T12:36:10Z
ZpS6hkUicW0,Ugwfr0pZ5kp2VTULg3B4AaABAg,@annada717,"고요한 바다에 폭풍해일을 일으키 듯, 한수진님 연주에  온전히 몰입되는 힘을 느꼈던 공연이였습니다. 영상으로 다시 들어봐도 지금까지 들었던 브람스 바이올린 협주곡 중 단연 으뜸입니다! ♡",18,2025-03-21T14:38:09Z
ZpS6hkUicW0,Ugw6_lU5v_Zd6R5J6SN4AaABAg,@한경덕-r6h,이 시대 최고의 바이올리니스트 ❤❤❤❤❤,15,2025-03-23T01:20:11Z
ZpS6hkUicW0,UgwcLh90RGoW4bh83C14AaABAg,@petrochemicals243,현장에서 직접 들었습니다 정말 행복한 하루 였네요 정말 최고,14,2025-03-23T06:25:45Z
ZpS6hkUicW0,Ugwls303vHnekM9oRip4AaABAg,@_esther1585,자료 감사합니다~ 🎉❤😊수진님 오래오래 무대에서 만나요~❤❤❤😊크..예당은 카메라워킹이 예술입니다..🎉❤,10,2025-03-22T22:55:02Z
ZpS6hkUicW0,UgwIkOMpCax0MwaWWO94AaABAg,@econopaik,"한수진 바이올리니스트의 열정적 연주에 40분이 금새 ㄷㄷ, 세계 최고의 연주였습니다!",6,2025-07-14T13:13:18Z
ZpS6hkUicW0,UgyY7Xv2rJNrU9Ui83h4AaABAg,@junfm2140,"신 들린 연주....  하늘이 천재의 재능을 주셨는데 그 재능을 썩히던가 게으름 부리면 범죄입니다. 때로 피곤하고 힘들더라도 하늘이 주신 재능으로 좋은 연주 자주 들려 주세요. 뭔가  강력히 호소하고 있는 듯한, 그래서 생각하게 하고 몰입하게 하는 연주, 감사합니다.",9,2025-03-22T05:12:27Z
ZpS6hkUicW0,Ugx8KfD-pPJJc6m8B814AaABAg,@khk3661,I’m reminded of beautiful minds that’s why you’re great lady.,1,2025-11-28T09:41:14Z
ZpS6hkUicW0,UgxAn50ZdqvZQOr31894AaABAg,@rosernabona9364,"el meu J Brahms , ho he estudiat molt be al Conservatori , i , sempre als examens he tingut excellent ❤😊❤",1,2025-10-28T11:48:51Z
ZpS6hkUicW0,Ugx4QdAUcCUncx0do1F4AaABAg,@sna4777,잘 하더니 또 연주했군요 이작품. 국제무대 길을 좀 뚫지 하는 생각이 드는 음악가...,3,2025-09-07T23:20:34Z
ZpS6hkUicW0,Ugy_0TSNt_szmEojY8l4AaABAg,@derrickdupreez4209,"Truly one the greatest violin sonatas. The music depicts a battle between the violin and the orchestra, in the end the violin wins",0,2025-08-14T15:17:47Z
ZpS6hkUicW0,UgxjwHOGDMPJNqiRpYV4AaABAg,@doomsday-s4r,"수진님 4월봄의계절다가오네요
봄에대한연주듣고싶어요",2,2025-03-25T11:14:22Z
ZpS6hkUicW0,UgyHJrM1KFCNLtys1il4AaABAg,@johannbrandstatter7419,"There are still some people out there who do not speak or tread Korean.... I am able to make out the orchestra from the text, but not the wonderful violinist ! You would do yourself and your excellent musicians a favour by providing more information. It's so easy to do. Just check how other sites handle this.",1,2025-08-14T10:42:52Z
ZpS6hkUicW0,UgyY1pZrKKT1IuSvyax4AaABAg,@rosernabona9364,"Jo tambe he estudiat al Conservatori , i , amb la seva Orquestra Simfonica , ara , Jo estic a la Symphony Orchestra of Prague ,  and. , Symphony Orchestra  Liceu  Barcelona   OK",1,2025-10-28T12:05:28Z
ZpS6hkUicW0,UgwRrdGxjaPNUJDihll4AaABAg,@JohnnyNY-u5i,"이날 연주 너무 너무 좋았습니다. 한수진 바이올리니스트의 연주 좋아하는데 이날도 완벽하고 멋진 연주 직접 들려주셔서 고맙습니다.❤

옥색 드레스 입고 입장하시는데 인어공주처럼 아름다웠습니다 😂

이날 2부 브람스 교향곡 1번도 모든 파트가 완벽하게 연주하여 큰 감동이었습니다❤",11,2025-03-22T19:38:00Z
ZpS6hkUicW0,UgxVS6D04LF9OezYsGl4AaABAg,@maestrolee3176,"바이올린 하는분은 꽤 연주 능력, 열정, 의욕, 이해력이 느껴집니다. 
참 좋아요.
그런데 지휘하는 아저씨 악보에서 눈물을 못떼네",2,2025-03-25T17:29:03Z
ZpS6hkUicW0,UgyNAZ3gfB-yThGEeM14AaABAg,@rosernabona9364,aquesta Orquestra Simfonica es de estudiants del Conservatori,0,2025-10-28T11:59:17Z
ZpS6hkUicW0,UgzmUD56JAq2UVK8So54AaABAg,@rosernabona9364,"No puc escoltar ni Orquestra , ni anuncis en espanyol",0,2025-10-28T12:00:50Z
ZpS6hkUicW0,UgxbYZ-XHl6_3CLFKo94AaABAg,@rosernabona9364,"amb aquests anuncis amb espanyol ,Spain esta al desastre total",0,2025-10-28T11:53:50Z
ZpS6hkUicW0,UgzDEgeJ922XkQkgmWl4AaABAg,@zokar,한수진님을 오케스트라가 잘 받쳐주질 못하네요. 그렇지만 한수진님 연주는 과히 독보적인 섬세함과 카리스마가 있네요.,4,2025-03-29T14:18:24Z
ZpS6hkUicW0,UgzjZ8ESL4ofe1J4hT54AaABAg,@Alanson111,한수진ᆢ오랫만에ᆢ반가워ᆢ최고다!,8,2025-03-22T00:29:33Z
xk9xepXbTfg,UgxbNnIcTnUvckVpZql4AaABAg,@timothy8991,한수진 바이올린 연주가 환상적이다,9,2024-04-28T06:43:25Z
xk9xepXbTfg,UgxV54xAuKDK-RQSShR4AaABAg,@유영욱-x7t,점심식사후 나른한 오후... 한수진님의 브람스 바이올린협주곡 너무 잘 들었습니다. 여러 연주자들의 같은 곡을 들었지만 한수진님의 브람스는 또다른 매력이 있군요 최고입니다. 부드러움 가운데 힘있과 디테일이 느껴집니다. 함께 협연하신 단원분들도 수고 많으셨습니다. 감사합니다,5,2024-07-10T03:24:58Z
xk9xepXbTfg,UgwKxWG3F2Q85isw3X94AaABAg,@nonaction,"엷은 바람이 부는 듯, 
한수진의 음악은
생각보다 먼저 살갗에 와 닿는다",4,2024-05-21T14:01:09Z
xk9xepXbTfg,Ugx2VjhgKVmoGyS4IQp4AaABAg,@sna4777,브람스가 지루하지 않게 느껴지다니..최고입니다. 한수진님이 과르네리로 연주하면 어떨까 보고싶네요. 미국이나 유럽에서 러브콜 올 것 같아요 이 비디오 보면.,4,2024-06-21T04:47:22Z
xk9xepXbTfg,UgzVS0DWzGkO8HF3VmV4AaABAg,@starrose3988,너무 예쁜 한수진바이올리니스트,0,2025-04-26T11:34:16Z
xk9xepXbTfg,UgykZeZ2uiG2rtGsm-d4AaABAg,@KMHill,uploaded in mono sound   :(,5,2024-04-22T08:16:27Z
xk9xepXbTfg,Ugy6gtmDDUo0sjDFcu94AaABAg,@Junseok-118,10:40,0,2025-10-01T12:03:05Z
xk9xepXbTfg,Ugy_RtF6pXBi2R9BKKd4AaABAg,@bologcom,46:36 바흐 무반주 바이올린 파르티타 1번 3악장의 두블레Double,4,2024-04-22T12:49:55Z
xk9xepXbTfg,UgzTTiRcrNb8nGSWS9d4AaABAg,@ma5726,"김봄소리와 한수진의 공통점은 자기를 놓지않아 음악에몰입이 덜되는것같아보여요 !
미모는 어필수단이기도하지만, 자아를의식하는순간 고뇌에찬 감성을 차단하기도해요.
음악은 테크닉 과시가아닌 연주자의 영혼이 전달되는 진실한 인격적 행위입니다.
그저 진실만통할뿐 . . . !  자기도믿지말고, 재능도믿지말고, 평범해진다면 가능하겠죠 ?",4,2024-04-25T03:46:25Z
kDwYgTuDBPY,UgyU4V2T9ihBCZJZUCx4AaABAg,@phuongbau,❤,1,2023-11-07T06:25:10Z
8Eq_qxWyIC4,UgyX7caj9mhbP4JJRwR4AaABAg,@seeya911,"양금 연주 영상 찾다가 여기까지 왔습니다..진짜 듣기 좋아요. 리스펙...😍
이렇게 멋진 거 다들 알아야 되는데🥺",1,2023-10-15T11:40:07Z
S2oWPGHKbVU,UgzZ6fSo8-90njwkdFp4AaABAg,@siddiqff1857,📛📛 🆕🆕🆕,0,2023-11-03T21:27:21Z
S2oWPGHKbVU,Ugx8t5lDMxBljKmRpMp4AaABAg,@petgaming9051,🙏🙏🙏 💙💙➖➖,0,2023-11-03T21:29:35Z
S2oWPGHKbVU,UgyuNiXT5D3ZbelKhwx4AaABAg,@naruto_team0598,🙏,0,2023-11-03T21:29:36Z
S2oWPGHKbVU,UgxFNNIYJc-zufaPxHJ4AaABAg,@dapurkos9190,💕💕💕💣💣🙇🙇,0,2023-11-03T21:29:34Z
S2oWPGHKbVU,Ugy8V5D45GH6QqKiJZx4AaABAg,@tvdowa2143,💝💝💝  🇪🇪🇪,0,2023-11-03T21:27:20Z
S2oWPGHKbVU,UgxfTXU3d0KsCu7MQ1x4AaABAg,@bikidas2070,😴😴 💘,0,2023-11-03T21:27:19Z
S2oWPGHKbVU,UgxUsG6BUCk1uPgSDPx4AaABAg,@hao8726,🙌🙌🙌 😼 💋,0,2023-11-03T21:27:21Z
S2oWPGHKbVU,UgxFlEd1vrbur1JVJNN4AaABAg,@amansingare8484,😌😌😌 😇 😿😿😿,0,2023-11-03T21:29:33Z
S2oWPGHKbVU,Ugxoyh0kCIuNzywHKOp4AaABAg,@maroozz771,🇨 🇱🇱,0,2023-11-03T21:27:18Z
S2oWPGHKbVU,Ugx3_C0rwMCfYveGIwd4AaABAg,@JoseyBoss,😃,0,2023-11-03T21:27:20Z
S2oWPGHKbVU,UgxB1fJ3qs7j0rer24B4AaABAg,@shevu,😟 😏😏😏 💓💓,0,2023-11-03T21:29:34Z
S2oWPGHKbVU,UgzRVUfKAzzL_SHvFiZ4AaABAg,@pevi6511,🆒🆒🆒😗😗🙆🙆,0,2023-11-03T21:29:36Z
S2oWPGHKbVU,Ugz9l7ir5AuvUC24opt4AaABAg,@zyadyt6048,🔱🔱🔱 🇹🇹🇹,0,2023-11-03T21:29:34Z
S2oWPGHKbVU,UgwuXyBM9wIvjQzkRnx4AaABAg,@Kiddking_0724,💗 😩😩😩 🙎,0,2023-11-03T21:27:20Z
S2oWPGHKbVU,UgxTj5MsbVpBh7huDUh4AaABAg,@prueba2812,😱,0,2023-11-03T21:27:19Z
S2oWPGHKbVU,UgzUBhA3Th-ma-rQCVl4AaABAg,@sidharth2388,🙇😯🙅,0,2023-11-03T21:29:34Z
S2oWPGHKbVU,Ugxy0ahb2swVk7UH3Zd4AaABAg,@petgaming9051,🇮,0,2023-11-03T21:27:17Z
S2oWPGHKbVU,UgyhK6roxloLuaw1n7x4AaABAg,@sodikin6913,🇮🇮 ✖,0,2023-11-03T21:27:19Z
S2oWPGHKbVU,UgwrPoYVSW3LzkXXmDB4AaABAg,@3ymenn,🙉🙉🙉😟😟😟,0,2023-11-03T21:27:16Z
S2oWPGHKbVU,Ugw1OMKRVbU6T2uFVzt4AaABAg,@RomeoVlogs-m2m,😼 🇮😵😵,0,2023-11-03T21:29:33Z
S2oWPGHKbVU,UgyhITejIUEuQzQVfb14AaABAg,@danesch9181,😼😼,0,2023-11-03T21:29:36Z
S2oWPGHKbVU,UgzXSl8hXFsO5_aYsnl4AaABAg,@TheKunduzz,😄 😜😜😜,0,2023-11-03T21:29:33Z
S2oWPGHKbVU,UgynH6GFhq-chBQnuBx4AaABAg,@BIN_AM,➗➗➗,0,2023-11-03T21:27:16Z
S2oWPGHKbVU,UgyKi_NDHcQfRuzkait4AaABAg,@ucyccyc2320,💨💨💨 😏,0,2023-11-03T21:29:35Z
S2oWPGHKbVU,UgzNu3e4Jbh1QMaX45V4AaABAg,@wydad2006,🕳🕳 😋,0,2023-11-03T21:29:33Z
7crCCSQfLeI,UgiBtGeD4mIQSHgCoAEC,@pizza__cheese,"^-^ 좋은 공연을 위해, 무대위에서, 밖에서 애써주시는 모든 분들께 감사합니다!!!!!",1,2016-12-07T00:17:41Z
7crCCSQfLeI,Ugj1o4ZPdC51B3gCoAEC,@loveandtory,우와 정말 신기해요 ㅎㅎ 나도 날고 싶다 ㅎㅎ,2,2016-12-06T14:11:37Z
7crCCSQfLeI,UghUzPoGorBtwHgCoAEC,@svlog6607,사랑야놀자조아해,0,2016-12-22T00:54:49Z
7crCCSQfLeI,Ugj0YAcEM-P_-HgCoAEC,@오순이-b1e,잘 나 도난ㄴ ㄷㄴㄷㄹㄷㄴ디,0,2016-12-24T08:03:20Z
7crCCSQfLeI,Ugh8r-AofP8zt3gCoAEC,@이은주-p6u4c,"해인이도
번개타운신청하고십다",0,2017-07-19T10:25:01Z
7crCCSQfLeI,UgxZ_763LAibN7YBb3l4AaABAg,@김민정-x5f9w,ㅋㅋ,0,2020-07-29T04:25:03Z
7crCCSQfLeI,UgyPPV42HDCK2Blnll94AaABAg,@이숙자느근,ㅈㄷㄱ셔8,0,2023-01-28T19:41:40Z
7crCCSQfLeI,UgyO8NP_FJLElb8aTOF4AaABAg,@이숙자느근,ㅇㅇ혀65ㅛㅑ,0,2023-01-28T19:41:58Z
