video_id,video_title,description,channel_id,channel_name,channel_subscriber_count,channel_video_count,published_at,duration_sec,video_format,view_count,like_count,comment_count,video_url,matched_perf_id,matched_title,matched_genre,season_match,substring_hit,quote_hit,venue_match,date_match
JKP_Uiy1IfU,[대학생 서포터즈] 국립광주박물관 x 광주시립창극단 &#39;판소리 감상회&#39; 👏,국립광주박물관 과 #광주시립창극단 이 함께하는 '판소리 감상회'를 대학생 서포터즈 13기 고해인 친구가 소개합니다 앞으로 두 ...,UCyZbaQ52Gh8SBr6GDdYx-Bw,국립광주박물관 Gwangju National Museum,2380,317,2023-05-11T07:17:32Z,164,general,131,3,1,https://www.youtube.com/watch?v=JKP_Uiy1IfU,PF265782,"광주시립창극단, 판소리 감상회",한국음악(국악),unknown,True,True,True,False
JgKb51NloDw,광주시립창극단 2025특별기획공연 &quot;판소리감상회&quot; [광주예술의전당][시민기자단 3기],광주예술의전당 시민기자단 3기 천용일 #광주예술의전당 #광주시립창극단 #특별기획공연 #판소리 #적벽가 #심청가 #수궁가 #국악 ...,UC02x5SS_0-45ZZ13ROGsdtQ,광주예술의전당 Gwangju Arts Center,4420,787,2025-05-12T02:02:21Z,211,general,298,9,0,https://www.youtube.com/watch?v=JgKb51NloDw,PF265782,"광주시립창극단, 판소리 감상회",한국음악(국악),other_season,True,False,True,True
ZWnCnvXTLak,광주시립창극단 2025 특별기획공연 &quot;판소리감상회&quot;,광주예술의전당#판소리#판소리감상회#광주시립창극단#심청가#적벽가#수궁가#광주예술의전당공연#소리꾼#고수#광주예술의 ...,UCkgvH5agclgtnk5Nb1WLqrQ,찍꼬 찍꼬,217,181,2025-05-07T08:06:41Z,211,general,218,2,0,https://www.youtube.com/watch?v=ZWnCnvXTLak,PF265782,"광주시립창극단, 판소리 감상회",한국음악(국악),other_season,True,False,True,True
RhCXrrOmgpY,240710 토선생용궁가다 @음성 커튼콜 #소리꾼김준수,,UCxanIX3psX1tDT6ny96yLsw,크림맘,9730,405,2025-05-26T14:47:42Z,15,shorts,53792,1091,25,https://www.youtube.com/watch?v=RhCXrrOmgpY,PF266164,"국립창극단, 토선생, 용궁가다 [용인]",한국음악(국악),other_season,True,False,False,True
yqVRfAbLQSQ,토선생 용궁가다 커튼콜,2025문화가 있는날 토선생용궁가다 제주 김정문화회관 창극콘서트 커튼콜 #소리꾼김준수 #국립창극단 #국립국악원 #토선생 용궁 ...,UCQzK-HAQY9czF-qtS_T1alw,o o o,938,32,2025-05-02T00:01:01Z,48,shorts,2336,110,27,https://www.youtube.com/watch?v=yqVRfAbLQSQ,PF266164,"국립창극단, 토선생, 용궁가다 [용인]",한국음악(국악),other_season,True,False,False,True
jPSfbkXpVMU,"NTOK 청년기자단_ 국립창극단〈토선생, 용궁가다〉공연을 가다!","여러분 안녕하세요! 제가 이번에 소개해 드릴 공연은 국립창극단의〈토선생, 용궁가다〉 입니다. 판소리 '수궁가'를 현대적으로 풀어낸 ...",UCmJNZllnCMrSd4ol2o2WR8A,유기자차 선크림🎤,3,8,2025-10-10T06:31:28Z,288,general,113,3,0,https://www.youtube.com/watch?v=jPSfbkXpVMU,PF269537,"국립창극단, 토선생, 용궁가다",한국음악(국악),other_season,True,False,False,True
spL-hcENlS4,240713 토선생 용궁가다 김포 커튼콜 (김준수 focus),2024.07.13 국립창극단 토선생 용궁가다 김포아트홀 커튼콜 토끼役 김준수 F.,UCPJX0THyRJoY7X92flL5BRg,dosae,3380,210,2024-07-15T03:33:25Z,82,general,434,,7,https://www.youtube.com/watch?v=spL-hcENlS4,PF243712,"국립창극단, 토선생 용궁가다 [음성]",한국음악(국악),other_season,True,False,False,True
TM_8_wRpwHA,240713 토선생 용궁가다 김포 앵콜 진도아리랑 (김준수 focus),2024.07.13 국립창극단 토선생 용궁가다 김포아트홀 앵콜곡 진도아리랑 토끼役 김준수 F.,UCPJX0THyRJoY7X92flL5BRg,dosae,3380,210,2024-07-15T03:35:09Z,106,general,1466,,11,https://www.youtube.com/watch?v=TM_8_wRpwHA,PF243712,"국립창극단, 토선생 용궁가다 [음성]",한국음악(국악),other_season,True,False,False,True
GfIXpeXaOB0,20240713 소리꾼김준수 - 창극콘서트 토선생 용궁가다 김포 커튼콜 인사 &amp; 앵콜 진도아리랑 in 김포아트홀,떼창소리 매우큼 주의.,UCwhk8iii5BOHMVz3eLcIY0A,시나브로,15900,367,2024-07-21T23:40:41Z,203,general,1638,93,8,https://www.youtube.com/watch?v=GfIXpeXaOB0,PF243712,"국립창극단, 토선생 용궁가다 [음성]",한국음악(국악),other_season,True,False,False,True
OViDaDjmi7k,250430 #토선생용궁가다 커튼콜 #소리꾼김준수 #소리꾼유태평양 #소리꾼이광복 #청년단원 #국립창극단,,UCxanIX3psX1tDT6ny96yLsw,크림맘,9730,405,2025-05-01T01:57:10Z,47,shorts,10996,591,29,https://www.youtube.com/watch?v=OViDaDjmi7k,PF266164,"국립창극단, 토선생, 용궁가다 [용인]",한국음악(국악),other_season,True,False,False,True
IH6bZmx4eHc,240713#토선생용궁가다 @김포아트홀#창극콘서트 #국립창극단 #소리꾼김준수 #소리꾼유태평양 #소리꾼이광복,,UCxanIX3psX1tDT6ny96yLsw,크림맘,9730,405,2025-05-31T02:16:31Z,68,general,493,24,1,https://www.youtube.com/watch?v=IH6bZmx4eHc,PF266164,"국립창극단, 토선생, 용궁가다 [용인]",한국음악(국악),other_season,True,False,False,True
FsLyVVS3xps,20241227 소리꾼김준수 - 창극콘서트 토선생 용궁가다 커튼콜 인사 in 송년음악회 어질더질 (국립극장 달오름극장),,UCwhk8iii5BOHMVz3eLcIY0A,시나브로,15900,367,2024-12-28T02:54:12Z,60,shorts,64140,3562,66,https://www.youtube.com/watch?v=FsLyVVS3xps,PF269537,"국립창극단, 토선생, 용궁가다",한국음악(국악),unknown,True,False,True,False
8SNVDDmnBtE,250501 #토선생용궁가다 @제주 막공 커튼콜 &amp; 앵콜 제주민요 너영나영 #소리꾼김준수 #소리꾼유태평양 #소리꾼이광복 #국립창극단,,UCxanIX3psX1tDT6ny96yLsw,크림맘,9730,405,2025-05-01T12:47:17Z,147,general,10059,591,31,https://www.youtube.com/watch?v=8SNVDDmnBtE,PF266164,"국립창극단, 토선생, 용궁가다 [용인]",한국음악(국악),other_season,True,False,False,True
1eHFZwvjOqU,20240710 소리꾼김준수 - 창극콘서트 토선생 용궁가다 음성 커튼콜 인사 &amp; 앵콜 진도아리랑 in 음성문화예술회관,떼창소리 엄청큼 주의!!!!!,UCwhk8iii5BOHMVz3eLcIY0A,시나브로,15900,367,2024-07-19T15:07:19Z,259,general,2024,100,8,https://www.youtube.com/watch?v=1eHFZwvjOqU,PF243712,"국립창극단, 토선생 용궁가다 [음성]",한국음악(국악),other_season,True,False,True,True
eBKvWcDd9zU,#현역가왕2#소리꾼#김준수#창극 콘서트-토선생 용궁가다 #커튼콜#진도아리랑#소리꾼 김준수#유태평양#이광복#판소리#k팝#소리꾼#음성문화예술회관#,리어에 이어 창극 토선생 용궁가다 관람 하러 3시간을 넘게 운전하고 왔는데 오길 너무 잘했네요!! 창극에 앵콜이 있다는걸 처음 ...,UCK6usPqMa7gt-wjR-42vPXw,국악소녀 박제하,886,144,2024-07-21T14:01:47Z,158,general,3644,141,17,https://www.youtube.com/watch?v=eBKvWcDd9zU,PF243712,"국립창극단, 토선생 용궁가다 [음성]",한국음악(국악),other_season,True,False,True,True
BA2VQeN6XR8,"240713 창극콘서트 &#39;토선생, 용궁 가다&#39; 커튼콜",,UCTspCq8OmkjWje6UHfyAEzA,J P,69,221,2024-07-13T10:18:09Z,182,general,3565,116,15,https://www.youtube.com/watch?v=BA2VQeN6XR8,PF243712,"국립창극단, 토선생 용궁가다 [음성]",한국음악(국악),other_season,True,False,False,True
-SFB5BEW4ZM,#토선생용궁가다 #소리꾼 김준수#유태평양 #국립국악원 #판소리#창극#국악#김다현#김보곤 스승님#현역가왕2#김준수,커튼콜​ #공연예술​ #국악​ #아이돌​ #창극​ #리어​ #국립창극단​ #국립창극단​ #리어​ #김준수​ #유태평양​ #국악인​ ...,UCK6usPqMa7gt-wjR-42vPXw,국악소녀 박제하,886,144,2024-07-19T12:55:19Z,54,shorts,16194,798,23,https://www.youtube.com/watch?v=-SFB5BEW4ZM,PF243712,"국립창극단, 토선생 용궁가다 [음성]",한국음악(국악),other_season,True,False,False,True
Bz8Las2Z5RM,240713#토선생용궁가다 앵콜 @김포아트홀#창극콘서트 #국립창극단 #소리꾼김준수,,UCxanIX3psX1tDT6ny96yLsw,크림맘,9730,405,2025-05-31T22:18:54Z,93,general,7339,532,10,https://www.youtube.com/watch?v=Bz8Las2Z5RM,PF266164,"국립창극단, 토선생, 용궁가다 [용인]",한국음악(국악),other_season,True,False,False,True
48O5bCfCaaE,240710 #토선생용궁가다 @음성 앵콜 #소리꾼김준수 외 #국립창극단,,UCxanIX3psX1tDT6ny96yLsw,크림맘,9730,405,2025-05-28T09:48:42Z,115,general,6884,614,26,https://www.youtube.com/watch?v=48O5bCfCaaE,PF266164,"국립창극단, 토선생, 용궁가다 [용인]",한국음악(국악),other_season,True,False,False,True
kYYQo_6pV_E,ACCⅹ국립극단 &quot;더 어린 관객을 위한 극장&quot;,"ACC공연 ACCⅹ국립극단 더 어린 관객을 위한 극장 “봄여름가을겨울 슴숨슘”&“흔들흔들 우주"" 국립아시아문화전당과 국립극단 ...",UCdSyGG-j_ORzUBS_VuUU4zQ,국립아시아문화전당 ACC,14400,1625,2025-05-10T02:11:03Z,55,shorts,2065,16,0,https://www.youtube.com/watch?v=kYYQo_6pV_E,PF263198,"더 어린 관객을 위한 극장, 봄여름가을겨울 슴숨슘",무용(서양/한국무용),current_season,True,True,True,True
CL42QzmUe_c,[목련 아래의 디오니소스] 부평아트센터 관객 인터뷰,"관객인터뷰-부평아트센터 '목련 아래의 디오니소스' 뜨거운 환호와 박수로 호응해주신 인천 부평 관객들께 깊이 감사 드리며, ...",UCK6L1QE2Yi96Xb6vaGNRErQ,극단 The난희,24,37,2023-11-21T16:15:02Z,70,general,29,1,0,https://www.youtube.com/watch?v=CL42QzmUe_c,PF226234,목련 아래의 디오니소스 [진주],연극,other_season,True,True,False,True
DiisG8YXjxg,[목련 아래의 디오니소스] 연습스케치 + 대본읽기,"목련 아래의 디오니소스 극단 난희 성북 꿈빛극장 23년 10월 12일 ~ 15일 목,금 7시30분 | 토,일 3시 부평아트센터 해누리극장 ...",UCK6L1QE2Yi96Xb6vaGNRErQ,극단 The난희,24,37,2023-09-15T15:57:35Z,67,general,142,3,0,https://www.youtube.com/watch?v=DiisG8YXjxg,PF224589,목련 아래의 디오니소스 [인천],연극,other_season,True,False,True,True
oiPdwaHrZ2k,[목련 아래의 디오니소스] 연습실풍경1,"목련 아래의 디오니소스 극단 난희 성북 꿈빛극장 23년 10월 12일 ~ 15일 목,금 7시30분 | 토,일 3시 부평아트센터 해누리극장 ...",UCK6L1QE2Yi96Xb6vaGNRErQ,극단 The난희,24,37,2023-09-23T14:57:09Z,61,general,80,0,0,https://www.youtube.com/watch?v=oiPdwaHrZ2k,PF224589,목련 아래의 디오니소스 [인천],연극,other_season,True,False,True,True
o58zri2r4D4,[목련 아래의 디오니소스]  관극 리뷰  및 관객 반응 모음,기사화된 공연 리뷰와 관객들의 반응을 모았습니다. ✓ [정중헌의 문화와 사람] 아! 우리 인생에 건배를...연극 '목련아래의 디오니소스' ...,UCK6L1QE2Yi96Xb6vaGNRErQ,극단 The난희,24,37,2023-11-21T15:30:13Z,89,general,66,0,0,https://www.youtube.com/watch?v=o58zri2r4D4,PF226234,목련 아래의 디오니소스 [진주],연극,other_season,True,True,False,True
Ki_vEdr89cw,[목련 아래의 디오니소스] 부평 진주 공연 소개,"목련 아래의 디오니소스 극단 난희 성북 꿈빛극장 23년 10월 12일 ~ 15일 목,금 7시30분 | 토,일 3시 부평아트센터 해누리극장 ...",UCK6L1QE2Yi96Xb6vaGNRErQ,극단 The난희,24,37,2023-08-25T11:55:43Z,26,shorts,171,0,0,https://www.youtube.com/watch?v=Ki_vEdr89cw,PF224589,목련 아래의 디오니소스 [인천],연극,other_season,True,False,True,True
UgTrismqJTg,[목련 아래의 디오니소스] 진주 현장아트홀 관객 인터뷰,"관객인터뷰-진주현장아트홀 '목련 아래의 디오니소스' 뜨거운 환호와 박수로 호응해주신 경남 진주 관객들께 깊이 감사 드리며, ...",UCK6L1QE2Yi96Xb6vaGNRErQ,극단 The난희,24,37,2023-11-21T16:15:01Z,109,general,49,1,0,https://www.youtube.com/watch?v=UgTrismqJTg,PF226234,목련 아래의 디오니소스 [진주],연극,other_season,True,True,True,True
eraTO-zqClo,[목련아래의디오니소스] 연습실풍경 2,"목련 아래의 디오니소스 극단 난희 성북 꿈빛극장 23년 10월 12일 ~ 15일 목,금 7시30분 | 토,일 3시 부평아트센터 해누리극장 ...",UCK6L1QE2Yi96Xb6vaGNRErQ,극단 The난희,24,37,2023-09-23T15:04:44Z,70,general,206,0,0,https://www.youtube.com/watch?v=eraTO-zqClo,PF224589,목련 아래의 디오니소스 [인천],연극,other_season,True,False,True,True
OM6yDplL5mg,[목련 아래의 디오니소스] 공연 티켓 오픈,"목련 아래의 디오니소스 극단 난희 성북 꿈빛극장 23년 10월 12일 ~ 15일 목,금 7시30분 | 토,일 3시 부평아트센터 해누리극장 ...",UCK6L1QE2Yi96Xb6vaGNRErQ,극단 The난희,24,37,2023-09-05T09:47:17Z,45,shorts,203,0,1,https://www.youtube.com/watch?v=OM6yDplL5mg,PF224589,목련 아래의 디오니소스 [인천],연극,other_season,True,False,True,True
L4M6ka55d5w,[목련 아래의 디오니소스] 배역 소개,"목련 아래의 디오니소스 극단 난희 성북 꿈빛극장 23년 10월 12일 ~ 15일 목,금 7시30분 | 토,일 3시 부평아트센터 해누리극장 ...",UCK6L1QE2Yi96Xb6vaGNRErQ,극단 The난희,24,37,2023-11-18T01:15:02Z,30,shorts,184,1,0,https://www.youtube.com/watch?v=L4M6ka55d5w,PF226234,목련 아래의 디오니소스 [진주],연극,other_season,True,False,False,True
jq6c4Q7dHXk,서울시발레단 첫 투어! 오하드 나하린 ‘데카당스’ 브이로그 | 윤승&amp;승민 무용수 | 세종문화회관,DECADANCE #TOUR #VLOG 서울시발레단 첫 투어 공연! 윤승 & 승민의 시선으로 담아왔습니다 다음 투어 일정은 아래를 참고해 ...,UCCqaPJqI5q1kfO51qWWOjrQ,세종문화회관 Sejong Center,36100,1018,2025-12-16T08:25:13Z,598,general,1053,22,1,https://www.youtube.com/watch?v=jq6c4Q7dHXk,PF274045,"서울시발레단, 오하드 나하린: 데카당스 [구미]",무용(서양/한국무용),other_season,True,True,False,True
obVpM3CAecI,"오하드 나하린 &#39;Decadance,데카당스&#39;  서울시발레단","데카당스 #Decadance(그리스어10+Dance) Ohaad Naharin:이스라엘 출신, #움직임의언어'가가(Gaga)' 창시자 #서울시발레단 ...",UCLZ18bPofi89J3idne3m8eA,"커튼콜과 민요, Curtaincall & Minyo",522,686,2025-11-21T12:34:03Z,21,shorts,1241,2,0,https://www.youtube.com/watch?v=obVpM3CAecI,PF274045,"서울시발레단, 오하드 나하린: 데카당스 [구미]",무용(서양/한국무용),current_season,True,False,False,True
dHhFl8aJ4zE,“모든 사람은 춤을 추어야 한다”  서울시발레단〈데카당스〉 | 세종문화회관,"서울시발레단 | 〈데카당스〉 노들섬 야외무대의 열기를 이어, 구미에서 다시 만납니다! ⚡2025.11.21–22 | 구미문화예술회관 ...",UCCqaPJqI5q1kfO51qWWOjrQ,세종문화회관 Sejong Center,36100,1018,2025-10-17T04:01:00Z,68,general,512,9,1,https://www.youtube.com/watch?v=dHhFl8aJ4zE,PF274045,"서울시발레단, 오하드 나하린: 데카당스 [구미]",무용(서양/한국무용),other_season,True,True,False,True
XH3wxH7wqAM,"신귀복 가곡 음악회 &#39;가곡의 별&#39;🌸 | 길병민, 박현수, 김성식, 김제니",인천 남동문화재단 기획공연 스포트라이트 시리즈 신귀복 가곡 음악회 '가곡의 별' 봄의 시작을 신귀복 작곡가의 서정 가곡과 함께 ...,UCFePa12r7yBU0GfnFAQK8fg,남동문화재단,640,253,2025-03-05T09:43:21Z,11,shorts,835,43,4,https://www.youtube.com/watch?v=XH3wxH7wqAM,PF259689,신귀복 가곡 음악회: 가곡의 별 [인천],서양음악(클래식),other_season,True,True,False,True
S6l1Fplp54E,[레떼아모르] 아름다운 시 - 250315 가곡의 별 인천,신귀복 가곡 음악회 가곡의 별 - 인천 2025. 3. 15 남동소래아트홀 소래극장.,UCWJ9LpuLtOTkdt9LTnw0ujQ,레떼효과 Lette Effect,4290,847,2025-03-15T16:52:03Z,279,general,6481,193,21,https://www.youtube.com/watch?v=S6l1Fplp54E,PF259689,신귀복 가곡 음악회: 가곡의 별 [인천],서양음악(클래식),other_season,True,False,True,True
SmXDWF46zfU,"250315 신귀복 가곡음악회_가곡의별 인천_레떼아모르 퇴근길_김성식( キムソンシク​, KimSungsik)배우님 포커스",계란이 왔어요~ ㅋㅋㅋㅋㅋㅋㅋ 영상에 로고넣기 도전했는데 안됐어요 (s23 자체로는 안됨 다른 프로그램 사야할듯...) #김성식​ ...,UC0DMUKeNT51zw3qg-7t-ZSg,Chloe K,144,247,2025-03-18T16:14:19Z,744,general,187,6,0,https://www.youtube.com/watch?v=SmXDWF46zfU,PF259689,신귀복 가곡 음악회: 가곡의 별 [인천],서양음악(클래식),other_season,True,False,False,True
2CURYSpxj_E,신귀복 가곡 음악회 &#39;가곡의 별&#39;,"신귀복 가곡 음악회 '가곡의 별' ✨   따스한 봄바람이 살랑이는 아름다운 계절을 맞아 지난 3월 15일 토요일 밤, 남동소래아트홀 소래 ...",UCERcZ-QpYaEGyCFncoDgvZA,즐거운 세상,10,26,2025-04-22T12:09:28Z,60,shorts,515,5,0,https://www.youtube.com/watch?v=2CURYSpxj_E,PF261661,신귀복 가곡 음악회: 가곡의 별 [익산],서양음악(클래식),other_season,True,True,False,True
G92JAs5IAD4,250315 가곡의별 김성식 배우님 포커스 (인천 남동소래아트홀),신귀복 가곡음악회-가곡의별 인천 출연진 레떼아모르 김제니 브릴란떼 어린이 합창단 브릴란떼 콰이어 음악감독 김은영 오케스트라 ...,UC0DMUKeNT51zw3qg-7t-ZSg,Chloe K,144,247,2025-03-15T13:16:28Z,554,general,656,29,2,https://www.youtube.com/watch?v=G92JAs5IAD4,PF259689,신귀복 가곡 음악회: 가곡의 별 [인천],서양음악(클래식),other_season,True,False,True,True
eG-DzebRspE,[8K] 250315 신귀복 가곡 음악회 가곡의 별 - 보고 싶은 얼굴(얼굴 후면) (+길병민 Focus),레떼아모르 #길병민 #보고_싶은_얼굴.,UCx2b2_XOS5ed_O-tjdXVDhA,Ramor,1130,172,2025-03-16T07:32:52Z,251,general,5374,157,6,https://www.youtube.com/watch?v=eG-DzebRspE,PF259689,신귀복 가곡 음악회: 가곡의 별 [인천],서양음악(클래식),other_season,True,False,False,True
45yKQOyuSds,[레떼아모르] 보고싶은 얼굴  - 250606 신귀복 가곡음악회 가곡의 별 제주,,UCWJ9LpuLtOTkdt9LTnw0ujQ,레떼효과 Lette Effect,4290,847,2025-06-07T17:19:10Z,255,general,3164,83,6,https://www.youtube.com/watch?v=45yKQOyuSds,PF261661,신귀복 가곡 음악회: 가곡의 별 [익산],서양음악(클래식),other_season,True,False,False,True
YO3owPvAf1k,얼굴 | 250315 신귀복가곡음악회 | 가곡의별✨️ #박현수 #크로오버아티스트 #남동소래아트홀,2025녕 3월15일 신귀복가곡음악회 가곡의별 #남동소래아트홀.,UCUcURlZuSWnS4BhKgM9_2OQ,hyun,228,161,2025-03-15T15:48:30Z,30,shorts,1600,63,3,https://www.youtube.com/watch?v=YO3owPvAf1k,PF259689,신귀복 가곡 음악회: 가곡의 별 [인천],서양음악(클래식),other_season,True,False,True,True
hgmOaltfVg0,[오페라 하이라이트 페스타2023_(재)예술경영지원센터 2023 공연유통협력지원사업] 공연예술창작소 예술은감자다,"오페라와의 첫 만남을 위한 쉽고 알찬 오페라 하이라이트로 봄봄(한국), 카르멘(프랑스), 오텔로(이태리) 3개국의 오페라를 매일 한 ...",UC9sxquBQC_bxw_bDB3rWoQg,예술은감자다,42,10,2023-12-01T09:50:50Z,78,general,181,0,0,https://www.youtube.com/watch?v=hgmOaltfVg0,PF225031,"오페라 하이라이트 페스타, 오텔로 [화성]",서양음악(클래식),other_season,True,False,False,True
itmQKSrF1O0,연극 ‘활화산’ | 하이라이트,"역동적인 에너지로 가득한 공연, '활화산' 기대감을 높여주는 하이라이트 영상 대공개   #50년_만에_돌아온_이유가_있는_법 #상상 ...",UC-2Nn7WrZJkx1m-g_Y0Gf2Q,국립극단,24700,811,2024-05-28T05:00:20Z,35,shorts,3053,40,8,https://www.youtube.com/watch?v=itmQKSrF1O0,PF239993,"국립극단, 활화산",연극,current_season,True,True,False,True
5Kp0wJhMbUA,연극 ‘활화산’ | 홍보 영상 메이킹필름,"국립극단 #연극 #활화산 ""근현대 희곡이요? 재미있는데요!"" 연출가 윤한솔이 말하는 '활화산' 그리고 열정 가득❤‍   연습 현장이 ...",UC-2Nn7WrZJkx1m-g_Y0Gf2Q,국립극단,24700,811,2024-05-20T06:45:00Z,169,general,2969,49,4,https://www.youtube.com/watch?v=5Kp0wJhMbUA,PF239993,"국립극단, 활화산",연극,current_season,True,True,True,True
dFSKuvwLKos,🌋 연극 ‘활화산’ | 티저 영상,저한테 맡겨주시겠습니까? COMING SOON - 활화산 티켓 예매 개시일 안내 ✓4월 24일(수) 14시 유료회원 ✓4월 26일(금) 14시 ...,UC-2Nn7WrZJkx1m-g_Y0Gf2Q,국립극단,24700,811,2024-04-22T06:00:14Z,21,shorts,3367,71,1,https://www.youtube.com/watch?v=dFSKuvwLKos,PF239993,"국립극단, 활화산",연극,current_season,True,True,False,True
UxE8tMK45_w,[국립극단 온라인 극장] 한국 근현대 희곡의 정수! | 연극 &#39;활화산&#39;,온라인극장 #신작공개 2024 온라인 극장 신작 #이번엔_온극으로_돌아온 #활화산 #   - '활화산' 50년 만에 국립극단 무대로 ...,UC-2Nn7WrZJkx1m-g_Y0Gf2Q,국립극단,24700,811,2024-11-25T05:00:22Z,17,shorts,1593,14,0,https://www.youtube.com/watch?v=UxE8tMK45_w,PF239993,"국립극단, 활화산",연극,current_season,True,True,True,False
euiQjtk7ZJ4,20240526 국립극단 명동예술극장 활화산 커튼콜,작 차범석 연출 윤한솔 출연 백수련 정진각 강민지 강현우 구도균 김효영 박소연 박은경 서예은 유재연 이경민 이동영 이상은 이주형 ...,UCu3B8_Pp7PrYaan2rzJKKVw,순남씨 sunnamssi,12,58,2024-06-01T13:43:38Z,86,general,50,0,0,https://www.youtube.com/watch?v=euiQjtk7ZJ4,PF239993,"국립극단, 활화산",연극,current_season,True,False,True,True
nFNPvwZLa9Y,20240526 국립극단 명동예술극장 활화산 관객과의 대화,"(예술가와의 대화) 5.26.(일) 공연 종료 후, 객석 - 참석: 연출 윤한솔, 배우 백수련, 정진각, 강민지, 구도균.",UCu3B8_Pp7PrYaan2rzJKKVw,순남씨 sunnamssi,12,58,2024-06-01T13:41:27Z,1956,general,204,3,1,https://www.youtube.com/watch?v=nFNPvwZLa9Y,PF239993,"국립극단, 활화산",연극,current_season,True,False,True,True
8bAVlAUECwM,인기 연극 활화산(active volcano)의 화려한 엔딩 무대 커튼콜 명동예술극장 라이브 직캠 240527 공연천국 4K,활화산 #activevolcano #kpop #케이팝 #live #콘서트 #라이브 #공연 #음악 #MUSIC #가수 #singer #가요 #팝 #직캠 #보이그룹 #걸 ...,UCWeCnIA3lyf3W61CMDdXong,공연천국 SHOWHEAVEN ,328,1335,2024-05-30T05:08:04Z,86,general,124,1,2,https://www.youtube.com/watch?v=8bAVlAUECwM,PF239993,"국립극단, 활화산",연극,current_season,True,False,False,True
hvP1MuIgVe8,🌉싱크홀처럼 드러난 세계의 공허함 | 연극 ‘간과 강’ 메이킹필름🎥,"기억은 이상해. 당신을 알겠는데. 나를 모르겠어. 당신은 기억이 나는데, 그때 나는 기억이 안 나. '간과 강' 메이킹필름     보다 쉬운 ...",UC-2Nn7WrZJkx1m-g_Y0Gf2Q,국립극단,24700,811,2024-09-11T05:00:24Z,172,general,1653,30,1,https://www.youtube.com/watch?v=hvP1MuIgVe8,PF247764,"국립극단, 간과 강",연극,current_season,True,True,False,True
l2zwNj0LzuM,🌉 연극 ‘간과 강’ | 티저 영상,그게 우리가 선택한 진화예요. 다 느끼지 않는 것. 가능한 점점 덜 느끼는 것. COMING SOON - '간과 강' 작 동이향 | 연출 이인수 #국립 ...,UC-2Nn7WrZJkx1m-g_Y0Gf2Q,국립극단,24700,811,2024-08-19T02:00:30Z,16,shorts,1401,17,1,https://www.youtube.com/watch?v=l2zwNj0LzuM,PF247764,"국립극단, 간과 강",연극,current_season,True,True,False,True
BubEWcQjJm4,연극 ‘간과 강’ | 하이라이트,"지금까지는 본 적 없었던...! 바로 그 분위기, 무대 세트! 연기! 온도! 습도! '간과 강' 하이라이트 영상에 모두 담아왔습니다.   국립극단 ...",UC-2Nn7WrZJkx1m-g_Y0Gf2Q,국립극단,24700,811,2024-10-07T05:49:19Z,36,shorts,1324,15,1,https://www.youtube.com/watch?v=BubEWcQjJm4,PF247764,"국립극단, 간과 강",연극,current_season,True,True,True,True
4Io7qH2WiZM,연극이 별로인것에 이해가 중요한건 아닙니다 #연극 #간과강 #국립극단,,UCGIigoLD_XLjAI7AVjyfAFw,그냥강인성 just_insungkang,934,119,2024-10-29T06:38:06Z,45,shorts,768,6,0,https://www.youtube.com/watch?v=4Io7qH2WiZM,PF247764,"국립극단, 간과 강",연극,current_season,True,False,True,True
g5wsJpHREBI,연극 간과강이 빡치는 이유 #연극 #간과강 #국립극단,,UCGIigoLD_XLjAI7AVjyfAFw,그냥강인성 just_insungkang,934,119,2024-10-28T12:03:22Z,30,shorts,872,6,0,https://www.youtube.com/watch?v=g5wsJpHREBI,PF247764,"국립극단, 간과 강",연극,current_season,True,False,True,True
jXpDcG72OMU,20240930 [연극 간과 강],연극 간과 강 2024.09.30 CAST L-송인성 O-강현우 소년-최정우 노인-지춘성 의사-김시영 카운터 직원-유재연 낚시꾼1-구도균 ...,UCPotcX98Pbp8YXaUHk8b8Sg,감자젼,237,399,2024-12-05T08:05:00Z,104,general,352,,0,https://www.youtube.com/watch?v=jXpDcG72OMU,PF247764,"국립극단, 간과 강",연극,current_season,True,False,False,True
GooL4XqnEQo,현대연극은 사실상 실패다,"국립극단 #간과강 #연극 2020년 차범석 희곡상 대상을 받은 작품 '간과 강'에 대한 제 개인적인 생각입니다. 좋아요와 구독, 댓글은 ...",UCGIigoLD_XLjAI7AVjyfAFw,그냥강인성 just_insungkang,934,119,2024-10-03T01:00:16Z,484,general,850,15,3,https://www.youtube.com/watch?v=GooL4XqnEQo,PF247764,"국립극단, 간과 강",연극,current_season,True,True,True,True
G3Xx_NDpKzk,240928 간과강,강현우 구도균 김시영 성원 송인성 신강수 유재연 지춘성 최정우(F),UC0cqE3nbQqHH7pzyi_XuGqw,까마귀 서랍,6,56,2024-10-05T18:16:22Z,85,general,12,0,0,https://www.youtube.com/watch?v=G3Xx_NDpKzk,PF247764,"국립극단, 간과 강",연극,current_season,True,False,False,True
KZb3_Km1wdo,"240929 낮공 간과 강 커튼콜 // 송인성, 강현우, 최정우 외","2024.09.29. 15:00 연극 간과 강 커튼콜 캐스트: 송인성, 강현우, 최정우, 구도균, 김시영, 성원, 신강수, 유재연, 지춘성 공연장: 명동 ...",UCsIIHEwez2D39VZMCMZfEmA,별이,64,254,2024-10-02T08:17:13Z,108,general,3,0,0,https://www.youtube.com/watch?v=KZb3_Km1wdo,PF247764,"국립극단, 간과 강",연극,current_season,True,False,False,True
bTPPo_5EC8o,241004 연극 간과 강 커튼콜_최정우(F) 외,"2024. 10. 04. (금) 19시 30분 연극 간과 강 @ 명동예술극장 강현우,구도균,김시영,성원 송인성,신강수,유재연,지춘성,최정우(F) #연극 ...",UCh2fArka0WK0A1fSoSIDAIg,RUNi_러니의 연뮤런🏃‍♀️,809,294,2024-10-05T04:42:03Z,99,general,1465,4,0,https://www.youtube.com/watch?v=bTPPo_5EC8o,PF247764,"국립극단, 간과 강",연극,current_season,True,False,False,True
RhYcSQF4q9o,240930 간과 강 커튼콜 (최정우 focus),,UCe5vxdUaTMU7bzhDC3HOyhg,𝓛𝓸𝓼𝓲𝓮𝓷,38,123,2024-09-30T12:22:58Z,77,general,16,,,https://www.youtube.com/watch?v=RhYcSQF4q9o,PF247764,"국립극단, 간과 강",연극,current_season,True,False,False,True
qH0egdCs0sQ,240930 간과강 커튼콜 (강현우 구도균 김시영 성원 송인성 신강수 유재연 지춘성 최정우f),,UC7DpoKf9HXgYoz4FAM-c8wA,jeong_boda,141,287,2024-10-01T06:32:11Z,92,general,64,0,0,https://www.youtube.com/watch?v=qH0egdCs0sQ,PF247764,"국립극단, 간과 강",연극,current_season,True,False,False,True
C9qHcPgg_Wg,240927 간과 강 커튼콜 | 소년 - #최정우,240927 간과 강 커튼콜 | 소년 - #최정우.,UCFzN9MeEIwKhQDH7bjz1SWg,문,97,374,2024-09-27T12:56:34Z,79,general,70,0,0,https://www.youtube.com/watch?v=C9qHcPgg_Wg,PF247764,"국립극단, 간과 강",연극,current_season,True,False,False,True
Qo0-0QPWKxY,"240929 연극 간과 강 커튼콜 - 강현우, 구도균, 김시영, 성 원, 송인성, 신강수, 유재연, 지춘성, 최정우",,UCjLyU8Ynd-6A6nEc3EWv2Jw,각지구,434,915,2024-09-29T14:53:25Z,108,general,156,0,0,https://www.youtube.com/watch?v=Qo0-0QPWKxY,PF247764,"국립극단, 간과 강",연극,current_season,True,False,False,True
TzyQ9BB6OzA,241019 낮공 연극 간과 강 커튼콜 - 최정우(focus),명동예술극장 1층 4열 21.,UCRcxGdG6jwYsDs39Xz3wzww,버니,35,275,2024-10-19T07:53:50Z,101,general,639,8,0,https://www.youtube.com/watch?v=TzyQ9BB6OzA,PF247764,"국립극단, 간과 강",연극,current_season,True,False,False,True
9CSVbnMWLYQ,"240929 낮공 간과 강 - 예술가와의 대화 // 이인수(연출), 동이향(작가), 송인성, 강현우, 최정우, 윤서현(사회)","2024.09.29. 15:00 연극 간과 강 커튼콜 캐스트: 송인성, 강현우, 최정우, 구도균, 김시영, 성원, 신강수, 유재연, 지춘성 공연장: 명동 ...",UCsIIHEwez2D39VZMCMZfEmA,별이,64,254,2024-10-04T07:02:43Z,2256,general,106,3,0,https://www.youtube.com/watch?v=9CSVbnMWLYQ,PF247764,"국립극단, 간과 강",연극,current_season,True,False,False,True
-gLxdkSWQKE,[4K] 240929 연극 간과 강 [예술가와의 대화] 최정우 FOCUS,"240929 연극 간과 강 [예술가와의 대화] 최정우 FOCUS 진행: 윤서현(연극평론가) 참석: 연출 이인수, 작가 동이향, 배우 강현우, ...",UC7CZvYoK67wU12l0OYRnOtg,독백 dokbxxk,206,351,2024-09-29T13:50:09Z,2049,general,229,4,0,https://www.youtube.com/watch?v=-gLxdkSWQKE,PF247764,"국립극단, 간과 강",연극,current_season,True,False,False,True
B1gyZl4hSIQ,#국립극장 #국립창극단 #보허자 #보허자허공을걷는자,"알 수 없어라 기약없구나, 이루고 스러짐이여 모이고 흩어짐이여” 계유정난 이후 27년, 역사의 어둠 속에서 마주한 살아남은 자들의 ...",UCJ55axexMkXqp1Fgwvmdsgg,국립극장 National Theater of Korea,37800,1221,2026-03-25T12:29:08Z,124,general,3826,163,3,https://www.youtube.com/watch?v=B1gyZl4hSIQ,PF253976,"국립창극단 보허자, 허공을 걷는 자",한국음악(국악),current_season,True,False,True,False
tGMJm400q5E,#국립극장 #국립창극단 #보허자 #보허자허공을걷는자,"잊었던 가벼움이여 나는 다시 흐르고 흘러가네 눈 뜨는 꿈이여” 계유정난 이후 27년, 역사의 어둠 속에서 마주한 살아남은 자들의 ...",UCJ55axexMkXqp1Fgwvmdsgg,국립극장 National Theater of Korea,37800,1221,2026-03-25T12:29:06Z,120,general,3035,208,18,https://www.youtube.com/watch?v=tGMJm400q5E,PF253976,"국립창극단 보허자, 허공을 걷는 자",한국음악(국악),current_season,True,False,True,False
yingVYhAv1Y,국립창극단 ’보허자 (步虛子) : 허공을 걷는 자‘ - 031325,,UCKLW9NgOrZGVclsiO-KbisA,나만 볼거야,76,8,2025-03-13T13:14:39Z,215,general,1436,111,14,https://www.youtube.com/watch?v=yingVYhAv1Y,PF253976,"국립창극단 보허자, 허공을 걷는 자",한국음악(국악),current_season,True,False,False,True
YihHwzvvG9s,#국립극장 #국립창극단 #보허자 #보허자허공을걷는자,"반야의 자리는 타오르는 불꽃이라 날벌레 같은 이내 몸은 내려앉지 못하네” 계유정난 이후 27년, 역사의 어둠 속에서 마주한 살아남은 ...",UCJ55axexMkXqp1Fgwvmdsgg,국립극장 National Theater of Korea,37800,1221,2026-03-24T12:47:00Z,123,general,4709,246,10,https://www.youtube.com/watch?v=YihHwzvvG9s,PF253976,"국립창극단 보허자, 허공을 걷는 자",한국음악(국악),current_season,True,False,True,False
kBuxy3JhDUo,국립창극단 ‘보허자(步虛子): 허공을 걷는 자’ - 031925,,UCKLW9NgOrZGVclsiO-KbisA,나만 볼거야,76,8,2025-03-19T14:55:59Z,236,general,457,31,3,https://www.youtube.com/watch?v=kBuxy3JhDUo,PF253976,"국립창극단 보허자, 허공을 걷는 자",한국음악(국악),current_season,True,False,False,True
SUABU14QFPg,국립창극단 ‘보허자(步虛子): 허공을 걷는 자’ | 메이킹 영상 Making Film,"줄거리 계유정난 비극이 벌어진 지 27년 후, 1480년(성종 11년) 안평의 딸이자 유일한 혈육이었던 무심(無心)은 변방의 오랜 노비 생활 ...",UCJ55axexMkXqp1Fgwvmdsgg,국립극장 National Theater of Korea,37800,1221,2025-03-13T02:05:17Z,227,general,13114,603,126,https://www.youtube.com/watch?v=SUABU14QFPg,PF253976,"국립창극단 보허자, 허공을 걷는 자",한국음악(국악),current_season,True,False,False,True
-JBffzQOGxs,#국립극장 #국립창극단 #보허자 #보허자허공을걷는자,"너의 꿈은 불이 되었다 도원은 타오르고, 너는 재가 되었다” 계유정난 이후 27년, 역사의 어둠 속에서 마주한 살아남은 자들의 이야기 ...",UCJ55axexMkXqp1Fgwvmdsgg,국립극장 National Theater of Korea,37800,1221,2026-03-24T12:47:03Z,90,general,4666,182,3,https://www.youtube.com/watch?v=-JBffzQOGxs,PF253976,"국립창극단 보허자, 허공을 걷는 자",한국음악(국악),current_season,True,False,True,False
ckXLddIYeO0,허공을 거닐다 펼쳐지는 도원의 꿈 | 국립창극단 ‘보허자(步虛子): 허공을 걷는 자’,"줄거리 계유정난 비극이 벌어진 지 27년 후, 1480년(성종 11년) 안평의 딸이자 유일한 혈육이었던 무심(無心)은 변방의 오랜 노비 생활 ...",UCJ55axexMkXqp1Fgwvmdsgg,국립극장 National Theater of Korea,37800,1221,2025-03-06T05:01:25Z,31,shorts,3288,171,29,https://www.youtube.com/watch?v=ckXLddIYeO0,PF253976,"국립창극단 보허자, 허공을 걷는 자",한국음악(국악),current_season,True,False,False,True
HNKqS4rxe7U,"[2025.03.20] 국립창극단 보허자 步虛子, 허공을 걷는 자 - 커튼콜",,UCu7ACP8CjP4G7DqNcOMc_GA,이로비,1450,3648,2025-03-20T14:27:22Z,229,general,70,1,0,https://www.youtube.com/watch?v=HNKqS4rxe7U,PF253976,"국립창극단 보허자, 허공을 걷는 자",한국음악(국악),current_season,True,False,False,True
-0BfGG4jiY4,"국립창극단 창극 - 보허자, 허공을 걷는 자 커튼콜 250313",,UCNHHnAW--CuR9Jl0bfcLr6w,은댕,68,306,2025-04-26T15:07:03Z,238,general,71,5,1,https://www.youtube.com/watch?v=-0BfGG4jiY4,PF253976,"국립창극단 보허자, 허공을 걷는 자",한국음악(국악),current_season,True,False,False,True
LIYZe_YjtH8,[국립극장 청년기자단] 보허자: 허공을 걷는 자 리뷰/소소한 삶,국립극장 #국립창극단 #국립무용단 #국립국악관현악단 #국립극장청년기자단 #기자단 #공연예술박물관 #무대예술지원센터 #왕과 ...,UCS36xJfDv268bsso6oF29_A,소소한 삶,215,15,2026-04-07T01:15:39Z,75,general,111,3,0,https://www.youtube.com/watch?v=LIYZe_YjtH8,PF253976,"국립창극단 보허자, 허공을 걷는 자",한국음악(국악),current_season,True,False,True,False
s4sFCSJR8Ss,창극 &#39;보허자(步虛子): 허공을 걷는 자&#39; 커튼콜,공연소개 창극 '보허자(步虛子): 허공을 걷는 자'는 부친인 세종의 위업을 계승한 '치적 군주'로 알려진 조선 제 7대 왕 세조(수양대군)와 ...,UCNUU8Ehfbpzbo2JqGo94pdQ,FanYoutube K,4250,319,2025-03-20T14:07:24Z,244,general,437,31,6,https://www.youtube.com/watch?v=s4sFCSJR8Ss,PF253976,"국립창극단 보허자, 허공을 걷는 자",한국음악(국악),current_season,True,False,False,True
cNJyk0_eCX4,소리꾼 김준수 :: 국립창극단 「 보허자 (步噓子): 허공을 걷는 자  」 260324 커튼콜,2026.3.19 ~ 3.29 국립극장 달오름극장 #창극 #보허자 #허공을걷는자 #커튼콜 #curtaincall #macbechwithsword #김준수 #국악인 ...,UCDLlfr4MrM8DiZl_AK5H1AA,니니원,9890,761,2026-03-25T00:46:13Z,192,general,323,21,2,https://www.youtube.com/watch?v=cNJyk0_eCX4,PF253976,"국립창극단 보허자, 허공을 걷는 자",한국음악(국악),current_season,True,False,True,False
lSp0qpJTphQ,20250316 창극 보허자:허공을 걷는 자 커튼콜,20250316 국립창극단 보허자 커튼콜 요즘 게을러서 티켓팅을 미리 안해가지구 매번 고생중   2층 맨뒷자리 겨우 구해서 다녀왔다.,UCiIfd0ZSl0SSXiZZFr0Snxg,oo,1500,366,2025-03-23T14:02:59Z,239,general,673,34,4,https://www.youtube.com/watch?v=lSp0qpJTphQ,PF253976,"국립창극단 보허자, 허공을 걷는 자",한국음악(국악),current_season,True,False,False,True
fsaxCJLM_ds,250318 창극 &quot;보허자(步虛子): 허공을 걷는 자&quot; 커튼콜,4k 본공·도창 김금미 무심 민은경 대어향 김미진 안견 유태평양 안평 김준수 수양 이광복 외 국립창극단 단원 및 객원.,UC30lDJb_E7HQpBqft6rXxaA,dawn JJ,1270,548,2025-03-18T13:27:08Z,232,general,482,30,5,https://www.youtube.com/watch?v=fsaxCJLM_ds,PF253976,"국립창극단 보허자, 허공을 걷는 자",한국음악(국악),current_season,True,False,False,True
73aPcXh9OKQ,2025.03.13 보허자 첫공 커튼콜(소리꾼김준수 focus),보허자 #허공을걷는자 #첫공#커튼콜 #소리꾼김준수focus#김준수 #국립극장#국립창극단#창극 #판소리#국악#현역가왕#현역가왕 ...,UCDfXzcPmnwJTxywgiULG8bg,소리,1370,83,2025-04-16T10:52:18Z,81,general,3111,254,9,https://www.youtube.com/watch?v=73aPcXh9OKQ,PF253976,"국립창극단 보허자, 허공을 걷는 자",한국음악(국악),current_season,True,False,True,True
vlg9AOMCfj8,신작 첫공 커튼콜 #소리꾼김준수 | 250313 보허자 : 허공을 걷는 자,shorts.,UCyZVoKT_lLEKC3qR_ge2OhA,꾼만두,4190,252,2025-03-13T15:38:42Z,18,shorts,94852,2784,52,https://www.youtube.com/watch?v=vlg9AOMCfj8,PF253976,"국립창극단 보허자, 허공을 걷는 자",한국음악(국악),current_season,True,False,False,True
YjoXAQ1U0PA,[예고편] 2025 서울시향 롱 유의 라흐마니노프 교향적 무곡 | Long Yu conducts Rachmaninoff‘s Symphonic Dances,하나금융그룹과 함께하는 2025 서울시향 롱 유의 라흐마니노프 교향적 무곡 2025. 4. 10.(목) 오후 8:00 롯데콘서트홀 2025. 4. 11.,UCwmgO3PhE925-mLG1h26Uow,서울시립교향악단 Seoul Philharmonic Orchestra,40300,703,2025-03-11T05:15:23Z,44,shorts,1137,18,0,https://www.youtube.com/watch?v=YjoXAQ1U0PA,PF253097,서울시향 롱 유의 라흐마니노프 교향적 무곡,서양음악(클래식),current_season,True,False,True,True
ytpmKOvMiIw,2025 서울시향 롱 유의 라흐마니노프 교향적 무곡 세로 예고편🎬,하나금융그룹과 함께하는 2025 서울시향 롱 유의 라흐마니노프 교향적 무곡 2025. 4. 10.(목) 오후 8:00 롯데콘서트홀 2025. 4. 11.,UCwmgO3PhE925-mLG1h26Uow,서울시립교향악단 Seoul Philharmonic Orchestra,40300,703,2025-03-27T05:52:23Z,44,shorts,987,13,0,https://www.youtube.com/watch?v=ytpmKOvMiIw,PF253097,서울시향 롱 유의 라흐마니노프 교향적 무곡,서양음악(클래식),current_season,True,False,True,True
hWJc3mCFbsQ,[예고편] 2024 서울시향 레이 첸의 멘델스존과 차이콥스키 | Ray Chen plays Mendelssohn &amp; Tchaikovsky,하나금융그룹과 함께하는 2024 서울시향 레이 첸의 멘델스존과 차이콥스키 2024. 6. 28.(금) 오후 8:00 롯데콘서트홀 2024. 6. 29.,UCwmgO3PhE925-mLG1h26Uow,서울시립교향악단 Seoul Philharmonic Orchestra,40300,703,2024-06-17T04:16:06Z,31,shorts,790,16,4,https://www.youtube.com/watch?v=hWJc3mCFbsQ,PF230418,서울시향 레이 첸의 멘델스존과 차이콥스키,서양음악(클래식),current_season,True,False,True,True
QRiLkcPHrrU,2024 서울시향 레이 첸의 멘델스존과 차이콥스키 세로 예고편🎬,하나금융그룹과 함께하는 2024 서울시향 레이 첸의 멘델스존과 차이콥스키 2024. 6. 28.(금) 오후 8:00 롯데콘서트홀 2024. 6. 29.,UCwmgO3PhE925-mLG1h26Uow,서울시립교향악단 Seoul Philharmonic Orchestra,40300,703,2024-06-17T04:41:38Z,31,shorts,1356,27,0,https://www.youtube.com/watch?v=QRiLkcPHrrU,PF230418,서울시향 레이 첸의 멘델스존과 차이콥스키,서양음악(클래식),current_season,True,False,True,True
C34L_jVzvgM,[예고편] 2026 서울시향 아주 특별한 콘서트 | 2026 SPO Special Concert,"2026 서울시향 아주 특별한 콘서트 2026. 3. 28.(토) 오후 5시 예술의전당 콘서트홀 지휘 얍 판 츠베덴 협연 유용연(마림바), 박병준( ...",UCwmgO3PhE925-mLG1h26Uow,서울시립교향악단 Seoul Philharmonic Orchestra,40300,703,2026-03-05T05:49:30Z,80,general,1248,18,4,https://www.youtube.com/watch?v=C34L_jVzvgM,PF284357,서울시향 아주 특별한 콘서트,서양음악(클래식),current_season,True,False,True,True
duvz351LogY,[예고편] 2025 서울시향 아주 특별한 콘서트,2025 서울시향 아주 특별한 콘서트 2025. 3. 2.(일) 오후 5:00 예술의전당 콘서트홀 지휘 얍 판 츠베덴 클라리넷 김민철 사회 다니엘 ...,UCwmgO3PhE925-mLG1h26Uow,서울시립교향악단 Seoul Philharmonic Orchestra,40300,703,2025-02-06T23:54:12Z,48,shorts,1946,29,0,https://www.youtube.com/watch?v=duvz351LogY,PF284357,서울시향 아주 특별한 콘서트,서양음악(클래식),current_season,True,False,True,False
WHNAnbo4DUc,2025 서울시향 아주 특별한 콘서트 세로 예고편🎬,2025 서울시향 아주 특별한 콘서트 2025. 3. 2.(일) 오후 5:00 예술의전당 콘서트홀 지휘 얍 판 츠베덴 클라리넷 김민철 사회 다니엘 ...,UCwmgO3PhE925-mLG1h26Uow,서울시립교향악단 Seoul Philharmonic Orchestra,40300,703,2025-02-07T07:39:51Z,48,shorts,1038,35,1,https://www.youtube.com/watch?v=WHNAnbo4DUc,PF284357,서울시향 아주 특별한 콘서트,서양음악(클래식),current_season,True,False,True,False
rqHRuxA5znk,[예고편 🎬 | 2026 서울시향 아주 특별한 콘서트],예고편   | 2026 서울시향 아주 특별한 콘서트] 2026 서울시향 아주 특별한 콘서트 2026. 3. 28.(토) 오후 5시 예술의전당 콘서트홀 ...,UCwmgO3PhE925-mLG1h26Uow,서울시립교향악단 Seoul Philharmonic Orchestra,40300,703,2026-03-06T02:11:25Z,80,general,2832,26,0,https://www.youtube.com/watch?v=rqHRuxA5znk,PF284357,서울시향 아주 특별한 콘서트,서양음악(클래식),current_season,True,False,True,True
69OiivuB2PI,2024 라 트라비아타 Spot,"2024 라 트라비아타 Spot 광주시립오페라단 제17회 정기공연 베르디, 오페라 [라 트라비아타] 기 간 2024-10-25(금) ~ 2024-10-26( ...",UChRwVIy2FUnUxtj-8mm9xvA,광주시립오페라단,40,15,2024-09-23T01:34:32Z,21,shorts,642,3,1,https://www.youtube.com/watch?v=69OiivuB2PI,PF249817,"제17회 광주시립오페라단 정기공연, 라 트라비아타 [광주]",서양음악(클래식),current_season,True,False,True,True
db-tfQCtb4c,📺 셋톱박스요? 🤔｜[2026 기획초청 Pick크닉] &#39;셋톱박스&#39;,[2026 기획초청 Pick크닉] 개막 D-1 현생에 지친 모든 이에게 '셋톱박스'는 꼭 봐야 한다고 전해주세요! - 할인정보 ✓예매처: ...,UC-2Nn7WrZJkx1m-g_Y0Gf2Q,국립극단,24700,811,2026-01-22T05:00:13Z,33,shorts,1184,11,0,https://www.youtube.com/watch?v=db-tfQCtb4c,PF282294,"기획초청 Pick크닉, 셋톱박스",연극,current_season,True,True,False,True
Ucrub_kX8Pg,📺 현생에 지치셨나요?｜[2026 기획초청 Pick크닉] &#39;셋톱박스&#39;,[2026 기획초청 Pick크닉] 개막 D-1 현생에 지친 모든 이에게 '셋톱박스'는 꼭 봐야 한다고 전해주세요! - 할인정보 ✓예매처: ...,UC-2Nn7WrZJkx1m-g_Y0Gf2Q,국립극단,24700,811,2026-01-22T05:00:02Z,68,general,372,6,0,https://www.youtube.com/watch?v=Ucrub_kX8Pg,PF282294,"기획초청 Pick크닉, 셋톱박스",연극,current_season,True,True,False,True
c1YEittlv_8,[문화요] 욕망이 이끈 파멸의 서사 ❘ 대구시립극단 연극 ‘맥베스’,한 인간을 무너뜨리는 욕망과 죄의식을 묻다 셰익스피어 4대 비극 중 가장 강렬한 서사! 대구시립극단의 제60회 정기공연 연극 ...,UC8vPuiBmEasM9ij1Nt1CkNg,대구MBC Program,98700,6826,2025-12-20T02:00:57Z,639,general,446,5,0,https://www.youtube.com/watch?v=c1YEittlv_8,PF278897,"대구시립극단, 맥베스 [대구]",연극,current_season,True,True,False,True
M9D3KTtB33s,야망에 빠진 영혼이 악의 화신으로···대구시립극단이 해석한 연극 ‘맥베스’ | 대구MBC뉴스,[대구MBC뉴스] 대구시립극단이 제60회 정기 공연으로 셰익스피어의 비극 '맥베스'를 오늘부터 20일 토요일까지 대구문화예술회관 ...,UCNbYt65wiTchnxD-KNwXsAA,대구MBC뉴스,272000,51538,2025-12-17T11:52:37Z,128,general,213,3,0,https://www.youtube.com/watch?v=M9D3KTtB33s,PF278897,"대구시립극단, 맥베스 [대구]",연극,current_season,True,True,True,True
kEBbeNvCg-s,대구시립극단 연극 맥베스..야망에 빠진 영혼이 악의  화신으로 파멸 하는..  (2025.12.17/뉴스데스크/포항MBC),대구시립극단 연극 맥베스..야망에 빠진 영혼이 악의 화신으로 파멸 하는.. (2025.12.17/뉴스데스크/포항MBC) #대구시립극단 #맥베스 ...,UCdcyo5bb--gqMzT95Yu1eXw,포항MBC NEWS,64900,43726,2025-12-17T11:46:42Z,127,general,163,2,0,https://www.youtube.com/watch?v=kEBbeNvCg-s,PF278897,"대구시립극단, 맥베스 [대구]",연극,current_season,True,False,False,True
xqI8qK9CbtU,대구시립극단 &#39;맥베스&#39;..인간 야망이 악으로 파멸하는..,포항MBC #포항MBC뉴스 #MBCNEWS #포항뉴스 포항MBC NEWS 공식 유튜브 채널입니다. ▽포항MBC 계정 메시지나 댓글을 통해 ...,UCdcyo5bb--gqMzT95Yu1eXw,포항MBC NEWS,64900,43726,2025-12-18T10:30:41Z,106,general,1414,11,0,https://www.youtube.com/watch?v=xqI8qK9CbtU,PF278897,"대구시립극단, 맥베스 [대구]",연극,current_season,True,False,False,True
9gnVM-vJo7E,[25.12.17. - 25.12.20.] 대구시립극단 제60회 정기공연 - 연극 맥베스,"25.12.17. - 25.12.20.] 대구시립극단 제60회 정기공연 - 연극 맥베스 기간 2025-12-17(수) ~ 2025-12-20(토) 시간 수,목,금 19시 30분 ...",UCjTlbWQ2QLF5u6C9KCO1pbg,대구 공연 정보,980,4316,2025-11-10T13:50:29Z,36,shorts,20,0,0,https://www.youtube.com/watch?v=9gnVM-vJo7E,PF278897,"대구시립극단, 맥베스 [대구]",연극,current_season,True,False,False,True
ryGfetRcU4Q,2025.12.17 (수) 대구시립극단 연극 &quot;맥베스&quot; 공연 보고 왔어요 (대구문화예술회관 팔공홀),대구문화예술회관 #대구시립극단 #연극맥베스 2025.12.17 (수) 19:30 대구시립극단에서 준비한 연극 맥베스 보고 왔습니다. 정극의 ...,UCR2-E8o2EApoOtorAFAhB2g,꿈꾸는 르떼,16,22,2025-12-19T00:51:20Z,65,general,276,1,0,https://www.youtube.com/watch?v=ryGfetRcU4Q,PF278897,"대구시립극단, 맥베스 [대구]",연극,current_season,True,False,True,True
zugCKBQPaVg,2025.12.17 (수) 대구시립극단 연극 맥베스 커튼콜 (대구문화예술회관 팔공홀),,UCR2-E8o2EApoOtorAFAhB2g,꿈꾸는 르떼,16,22,2025-12-19T05:58:42Z,61,general,1775,5,0,https://www.youtube.com/watch?v=zugCKBQPaVg,PF278897,"대구시립극단, 맥베스 [대구]",연극,current_season,True,False,True,True
Bx51aXyGVhw,야망에 빠진 영혼이 악의 화신으로··· 대구시립극단이 해석한 연극 ‘맥베스’ #shorts (대구MBC),[대구MBC뉴스] 대구시립극단이 제60회 정기 공연으로 셰익스피어의 비극 '맥베스'를 12월 17일부터 20일 토요일까지 대구문화예술 ...,UCNbYt65wiTchnxD-KNwXsAA,대구MBC뉴스,272000,51538,2025-12-18T06:00:09Z,114,general,838,3,0,https://www.youtube.com/watch?v=Bx51aXyGVhw,PF278897,"대구시립극단, 맥베스 [대구]",연극,current_season,True,True,False,True
G-LUEG0FjXk,[문화쏙쏙] 연말 THIS IS REAL… 대구 공연 라인업 미쳤다,대구공연 #연말공연 #문화쏙쏙 #재즈공연 #클래식공연 #대구시립극단 #맥베스 #락페스티벌 (뉴스 방영일 | 2025/12/12) 기사 콘텐츠 ...,UC5H4IPwmrCDHK7bUenQ5Pkg,ch B tv 대구,17500,7910,2025-12-12T06:20:27Z,269,general,85,3,0,https://www.youtube.com/watch?v=G-LUEG0FjXk,PF278897,"대구시립극단, 맥베스 [대구]",연극,current_season,True,False,False,True
3nhjr4aDobE,💡2024 [창작공감: 연출] ‘전기 없는 마을’  | 미래에 우리가 살게 될 세상? 🧐,미래에 우리가 살게 될 세상? - [창작공감: 연출] '전기 없는 마을' 작·연출 김연민 출연 강애심 윤성원 이다혜 정원조 최하윤 홍선우 ...,UC-2Nn7WrZJkx1m-g_Y0Gf2Q,국립극단,24700,811,2024-06-24T05:00:02Z,19,shorts,639,10,1,https://www.youtube.com/watch?v=3nhjr4aDobE,PF242914,"창작공감: 연출, 전기 없는 마을",연극,current_season,True,True,False,True
yV5IWKAerQg,💡2024 [창작공감: 연출] ‘전기 없는 마을’  | 절대 예상할 수 없는 반전 연극 💥,절대 예상할 수 없는 반전 연극 - [창작공감: 연출] '전기 없는 마을' 작·연출 김연민 출연 강애심 윤성원 이다혜 정원조 최하윤 홍선우 ...,UC-2Nn7WrZJkx1m-g_Y0Gf2Q,국립극단,24700,811,2024-06-24T05:00:36Z,18,shorts,913,16,0,https://www.youtube.com/watch?v=yV5IWKAerQg,PF242914,"창작공감: 연출, 전기 없는 마을",연극,current_season,True,True,False,True
eEx-qz2mugw,연극 ‘전기 없는 마을’ | 하이라이트,'전기 없는 마을'의 반짝거리는 명장면들! 모두 모아왔습니다. #전기없는마을_그곳엔_무슨일이_! ✨ - 공연정보 □ 공연시간: 평일 ...,UC-2Nn7WrZJkx1m-g_Y0Gf2Q,국립극단,24700,811,2024-07-17T05:00:20Z,41,shorts,1215,23,2,https://www.youtube.com/watch?v=eEx-qz2mugw,PF242914,"창작공감: 연출, 전기 없는 마을",연극,current_season,True,True,False,True
aGFz1jMPIE0,💡 연극 ‘전기 없는 마을’ | 티저 영상,우리는 모두 연결되어 있어요. COMING SOON - [창작공감: 연출] '전기 없는 마을' 작·연출 김연민 #국립극단 #연극 #창작공감 #연출 ...,UC-2Nn7WrZJkx1m-g_Y0Gf2Q,국립극단,24700,811,2024-06-03T05:00:03Z,11,shorts,791,9,0,https://www.youtube.com/watch?v=aGFz1jMPIE0,PF242914,"창작공감: 연출, 전기 없는 마을",연극,current_season,True,True,False,True
-sCc5VRPfB8,[#대공감 ] 💡&quot;또 다른 평행우주의 세계를 관측하는 거야.&quot; | EP.2 연극 &#39;전기 없는 마을&#39;,가장 먼저 전기가 사라진 마을의 이야기 전기는 권력이 되고 전기를 차지하는 전쟁이 일어나고 ❕ 자연은 파괴되고 사람이 살 수 ...,UC-2Nn7WrZJkx1m-g_Y0Gf2Q,국립극단,24700,811,2024-06-24T05:00:01Z,303,general,936,33,2,https://www.youtube.com/watch?v=-sCc5VRPfB8,PF242914,"창작공감: 연출, 전기 없는 마을",연극,current_season,True,False,False,True
5vxFVkVfbxQ,💡2024 [창작공감: 연출] ‘전기 없는 마을’  | 누군가 나를 지켜보고 있다. 🔍,누군가 나를 지켜보고 있다. - [창작공감: 연출] '전기 없는 마을' 작·연출 김연민 출연 강애심 윤성원 이다혜 정원조 최하윤 홍선우 ...,UC-2Nn7WrZJkx1m-g_Y0Gf2Q,국립극단,24700,811,2024-06-24T05:00:04Z,17,shorts,966,12,0,https://www.youtube.com/watch?v=5vxFVkVfbxQ,PF242914,"창작공감: 연출, 전기 없는 마을",연극,current_season,True,True,False,True
T_NagugdpOo,[4K] 240804 연극 전기 없는 마을 커튼콜 최하윤F,[4K] 240804 연극 전기 없는 마을 커튼콜 최하윤F 국립극단 [창작공감:연출] 전기 없는 마을 강애심 윤성원 이다혜 정원조 최하윤 홍 ...,UCOSyI09yqYFy7j6gkaAvSXw,ZzigaeTofu,641,387,2024-08-04T14:53:33Z,42,shorts,146,1,0,https://www.youtube.com/watch?v=T_NagugdpOo,PF242914,"창작공감: 연출, 전기 없는 마을",연극,current_season,True,False,False,True
vlUI0Avn7lI,(커튼콜) 2026 서울시향 신년 음악회,"《2026 서울시향 신년 음악회》 David Yi, conductor Rudolf Buchbinder, piano (PROGRAM) 조지 거슈윈 - 피아노 협주곡 F장조 ...",UC5uSYnAgBrU_tyQc9baSaBQ,미미의 티켓북,97,96,2026-01-09T14:56:13Z,59,shorts,1729,24,0,https://www.youtube.com/watch?v=vlUI0Avn7lI,PF280495,서울시향 신년 음악회,서양음악(클래식),current_season,True,False,False,True
iV7VVbJQXxs,[음악회가는길]247_2026 서울시향 신년음악회,247_2026 서울시향 신년 음악회 2026년 1월 9일 (금) 오후 7시 30분 롯데콘서트홀 언제나 설레는 신년 음악회입니다. 서울시향의 ...,UCWt4mxFEjKgypgnGT1rU0GQ,봄컬처,219,61,2025-12-29T01:01:01Z,2117,general,123,4,0,https://www.youtube.com/watch?v=iV7VVbJQXxs,PF280495,서울시향 신년 음악회,서양음악(클래식),current_season,True,False,True,True
WaLdQSXqkTA,2024 경산시립예술단 연합공연:스크루지의 크리스마스 캐럴 Curtain call,2024.12.19 경산 천마아트센터 원작-찰스 디킨스 연출-정철원 각색-이지영 지휘-전희범 경산시립합창단(상임지휘-김동혁) 경산시립 ...,UCCEUXBIEmxm9WFcKcxl1ROg,세실 정,4620,2526,2024-12-19T12:32:44Z,186,general,163,2,1,https://www.youtube.com/watch?v=WaLdQSXqkTA,PF254605,스크루지의 크리스마스 캐럴 [경산],뮤지컬,current_season,True,False,True,True
AMFmrj3AwnI,유니버설발레단 〈더 발레리나〉하이라이트 미리보기 공개 🩰✨,"유니버설발레단 〈더 발레리나〉 하이라이트 미리보기 공개 ✨ 무대 위 가장 아름다운 순간 뒤에는 수없이 반복된 연습과 땀, 그리고 ...",UCWWAg-9v9F3yhMjiAlJ_IEg,하남문화재단,6290,974,2026-06-01T04:18:41Z,85,general,284,3,0,https://www.youtube.com/watch?v=AMFmrj3AwnI,PF289081,"유니버설발레단, 더 발레리나 [하남]",무용(서양/한국무용),current_season,True,True,False,True
y8vKGMuQrdc,2026. 6. 13. 더발레리나 하남 14시 공연 커튼콜(임선우 focus),2026년 6월 13일 유니버설 발레단 더발레리나 하남 14시 공연 커튼콜입니다. #유니버설발레단 #임선우 #더발레리나.,UCUbckKWCtvxtZGFw9rSgdBA,sayongjaname,28,29,2026-06-14T03:47:04Z,140,general,153,5,0,https://www.youtube.com/watch?v=y8vKGMuQrdc,PF289081,"유니버설발레단, 더 발레리나 [하남]",무용(서양/한국무용),current_season,True,False,False,True
Ucbv7F-kR6c,2026. 6. 13. 더발레리나 하남 18시 공연 커튼콜(임선우 focus),2026년 6월 13일 더발레리나 하남 18시 공연 커튼콜입니다. #유니버설발레단 #임선우 #더발레리나.,UCUbckKWCtvxtZGFw9rSgdBA,sayongjaname,28,29,2026-06-14T03:59:23Z,138,general,117,1,0,https://www.youtube.com/watch?v=Ucbv7F-kR6c,PF289081,"유니버설발레단, 더 발레리나 [하남]",무용(서양/한국무용),current_season,True,False,False,True
lxjwtONd0os,2022. 8. 20. 더 발레리나 The Ballerina - 하남 커튼콜,유니버설발레단 〈더 발레리나 The Ballerina〉 - 하남 커튼콜 2022. 8. 20. 15시 하남문화예술회관 임선우 위주.,UCUbckKWCtvxtZGFw9rSgdBA,sayongjaname,28,29,2022-08-20T12:50:15Z,104,general,1389,12,0,https://www.youtube.com/watch?v=lxjwtONd0os,PF289081,"유니버설발레단, 더 발레리나 [하남]",무용(서양/한국무용),current_season,True,False,True,False
GQGdPzNvp3s,🩰 유니버설발레단 〈더 발레리나〉 하이라이트 영상,유니버설발레단 〈더 발레리나〉 하이라이트 영상 공개! 무대 위 가장 아름다운 순간은 무대 뒤 치열한 시간에서 시작됩니다. 연습실의 ...,UCWWAg-9v9F3yhMjiAlJ_IEg,하남문화재단,6290,974,2026-05-14T00:06:54Z,32,shorts,1647,11,0,https://www.youtube.com/watch?v=GQGdPzNvp3s,PF289081,"유니버설발레단, 더 발레리나 [하남]",무용(서양/한국무용),current_season,True,True,False,True
CEYVVpjuWiU,[발레] 유니버설발레단 - The Ballrina,"20220820 #유니버설발레단 더 발레리나 (The Ballerina) 커튼콜 하남문화예술회관 출연 : 강미선, 한상이, 이현준 외.",UCrAZ7tmtOyJwu7O__KPMUKg,발레전도사 • young deok,1040,244,2022-10-24T15:02:10Z,101,general,70,0,0,https://www.youtube.com/watch?v=CEYVVpjuWiU,PF289081,"유니버설발레단, 더 발레리나 [하남]",무용(서양/한국무용),current_season,True,False,True,False
y523DeG-75A,🩰유니버설발레단 〈더 발레리나〉발레마스터 이현준 인터뷰 공개 🎤,유니버설발레단 〈더 발레리나〉 발레마스터 이현준 인터뷰 공개 “발레 공연에 대사가 나온다고요?” 무대 위 아름다운 춤뿐만 ...,UCWWAg-9v9F3yhMjiAlJ_IEg,하남문화재단,6290,974,2026-06-02T01:12:37Z,85,general,865,0,0,https://www.youtube.com/watch?v=y523DeG-75A,PF289081,"유니버설발레단, 더 발레리나 [하남]",무용(서양/한국무용),current_season,True,True,False,True
pqsqa7CoF10,유니버설발레단〈더 발레리나〉연습 영상 공개🩰✨,타임세일 최대 50% 할인 中 유니버설발레단의〈더 발레리나〉 연습 두번째 사진을 공개합니다   연습실의 땀방울부터 무대 위 ...,UCWWAg-9v9F3yhMjiAlJ_IEg,하남문화재단,6290,974,2026-06-05T02:05:15Z,100,general,1480,15,0,https://www.youtube.com/watch?v=pqsqa7CoF10,PF289081,"유니버설발레단, 더 발레리나 [하남]",무용(서양/한국무용),current_season,True,True,False,True
_8SC4TLU_0E,대구시립교향악단 제517회 정기연주회 ᆢ250704,로맨틱 차이콥스키 대구콘서트하우스 그랜드홀 바이얼린 협주 ᆢ 아시 마타티아스/ 이스라엘.,UCgyS8sGXDNmtcvYliXMpgqA,한계령 사랑,80,410,2025-07-04T22:42:08Z,65,general,2156,8,0,https://www.youtube.com/watch?v=_8SC4TLU_0E,PF266171,제517회 대구시립교향악단 정기연주회: 로맨틱 차이콥스키,서양음악(클래식),current_season,True,False,True,True
OI5FMp-9ghc,[25.07.04.] 대구시립교향악단 제517회 정기연주회 : 로맨틱 차이콥스키,[25.07.04.] 대구시립교향악단 제517회 정기연주회 : 로맨틱 차이콥스키 공연장소 대구콘서트하우스 그랜드홀 공연일시 2025-07-04 ...,UCjTlbWQ2QLF5u6C9KCO1pbg,대구 공연 정보,980,4316,2025-05-29T13:32:42Z,13,shorts,19,0,0,https://www.youtube.com/watch?v=OI5FMp-9ghc,PF266171,제517회 대구시립교향악단 정기연주회: 로맨틱 차이콥스키,서양음악(클래식),current_season,True,False,True,True
5Va3djRXWLw,최고의 선은 물과 같다 - 무용단 기획공연〈상선약수上善若水〉,"그릇에 따라 모양을 달리하는 물처럼, 시대와 함께 변화하며 숨 쉬는 우리 춤의 아름다움을 되새겨보는 시간   태평무부터 장구춤까지!",UCmN4xFSlmWw-_d2riM-ep0A,국립국악원 National Gugak Center,72800,3578,2025-05-28T09:33:58Z,30,shorts,2194,85,1,https://www.youtube.com/watch?v=5Va3djRXWLw,PF264636,"국립국악원 무용단 기획공연, 상선약수",무용(서양/한국무용),current_season,True,False,False,True
Gz0aT3QIMeo,상선약수.上善若水.국립국악원 무용단 공연,국립국악원 무용단 기획공연 상선약수.,UClJkrS7FRVojv6HH33zmDIw,동촌재 안주인 TV,1460,235,2025-06-28T06:57:53Z,178,general,3444,29,21,https://www.youtube.com/watch?v=Gz0aT3QIMeo,PF264636,"국립국악원 무용단 기획공연, 상선약수",무용(서양/한국무용),current_season,True,False,True,True
aMbJ2XfiyDg,국립국악원 무용단 공연_상선약수 커튼콜 감동의무대 #무용공연#상선약수,2025 #국립국악원 무용단 기획공연 #상선약수 #무용공연 #공연 #한국무용.,UCOfuLMXaP0MHjrIgOvLRaMA,제노,520,348,2025-06-26T14:29:48Z,73,general,1929,16,,https://www.youtube.com/watch?v=aMbJ2XfiyDg,PF264636,"국립국악원 무용단 기획공연, 상선약수",무용(서양/한국무용),current_season,True,False,True,True
ImMstr9xqz8,🎀무용단 기획공연 〈상선약수上善若水〉종이인형 스탠딩 빌더🎀,공연의 감동을 오래도록 간직하는 가장 특별한 방법!   〈상선약수上善若水〉 의 아름다운 무대를 내 손으로 완성해보세요!     8가지 ...,UCmN4xFSlmWw-_d2riM-ep0A,국립국악원 National Gugak Center,72800,3578,2025-06-17T06:08:05Z,52,shorts,1385,20,0,https://www.youtube.com/watch?v=ImMstr9xqz8,PF264636,"국립국악원 무용단 기획공연, 상선약수",무용(서양/한국무용),current_season,True,False,False,True
gCW7XsCtwFs,"청주시립교향악단 제199회 정기연주회 [Goodbye2025-베토벤,위대한 피날레!]- Symphony No.4 in B♭-Major, Op.60 / L. v. Beethoven","청주시립교향악단 제199회 정기연주회 ""Goodbye 2025-베토벤, 위대한 피날레"" □ 2025. 12. 18.(목) 19:30​, 청주예술의전당 ...",UCpyaM8woA6_i9OLMFVsO-fw,청주시립예술단,3090,649,2026-01-26T05:31:41Z,2098,general,555,10,,https://www.youtube.com/watch?v=gCW7XsCtwFs,PF259096,"예술의전당 교향악축제, 청주시립교향악단 (04.09)",서양음악(클래식),current_season,True,False,True,False
XjyMbqib9cU,"청주시립교향악단 제94회 기획연주회 [Romanticism]- Symphony No.4 in e-minor, Op.98 / J. Brahms (4악장)","청주시립교향악단 제94회 기획연주회 ""Romanticism"" □ 2025. 11. 13.(목) 19:30​, 청주예술의전당 대공연장 □ 김경희 예술감독 겸 ...",UCpyaM8woA6_i9OLMFVsO-fw,청주시립예술단,3090,649,2025-12-12T06:02:00Z,683,general,550,7,,https://www.youtube.com/watch?v=XjyMbqib9cU,PF259096,"예술의전당 교향악축제, 청주시립교향악단 (04.09)",서양음악(클래식),current_season,True,False,True,False
sUFZMRlZLvQ,"청주시립교향악단 제96회 기획연주회 [6월의 &#39;클래식 산책&#39;]- Symphony No.8 in G-Major, Op.88 / A. Dvorak","청주시립교향악단 제96회 기획연주회 6월의 '클래식 산책' □ 2026. 6. 18.(목) 19:30​, 청주예술의전당 대공연장 □ 객원지휘 김산, ...",UCpyaM8woA6_i9OLMFVsO-fw,청주시립예술단,3090,649,2026-07-02T00:41:10Z,2111,general,433,14,,https://www.youtube.com/watch?v=sUFZMRlZLvQ,PF259096,"예술의전당 교향악축제, 청주시립교향악단 (04.09)",서양음악(클래식),current_season,True,False,True,False
hxCwKwgN6MQ,청주시립교향악단 제202회 정기연주회 [화폭 위의 선율-전람회의 그림]- 전람회의 그림(편곡:라벨) / 무소륵스키,"청주시립교향악단 제202회 정기연주회 ""화폭 위의 선율-전람회의 그림"" □ 2026. 5. 21.(목) 19:30​, 청주예술의전당 대공연장 ...",UCpyaM8woA6_i9OLMFVsO-fw,청주시립예술단,3090,649,2026-06-17T06:41:21Z,2078,general,1932,38,,https://www.youtube.com/watch?v=hxCwKwgN6MQ,PF259096,"예술의전당 교향악축제, 청주시립교향악단 (04.09)",서양음악(클래식),current_season,True,False,True,False
bygLE1kTaz0,청주시립교향악단 제200회 정기연주회 [2026 신년음악회]- L&#39;Arlèsienne Suite No.1&amp;No.2 / G. Bizet,"청주시립교향악단 제200회 정기연주회 ""2026 신년음악회-Wonderful New Year"" □ 2026. 1. 15.(목) 19:30​, 청주예술의전당 ...",UCpyaM8woA6_i9OLMFVsO-fw,청주시립예술단,3090,649,2026-02-10T06:56:22Z,2184,general,848,17,,https://www.youtube.com/watch?v=bygLE1kTaz0,PF259096,"예술의전당 교향악축제, 청주시립교향악단 (04.09)",서양음악(클래식),current_season,True,False,True,False
ex8fyA7XbQI,"청주시립교향악단 제200회 정기연주회 [2026 신년음악회]- ‘편지의 이중창’ 오페라 &#39;피가로의 결혼&#39;/ W. A. Mozart (Sop. 안혜수, M. Sop. 안수희)","청주시립교향악단 제200회 정기연주회 ""2026 신년음악회-Wonderful New Year"" □ 2026. 1. 15.(목) 19:30​, 청주예술의전당 ...",UCpyaM8woA6_i9OLMFVsO-fw,청주시립예술단,3090,649,2026-02-10T06:55:35Z,215,general,180,6,,https://www.youtube.com/watch?v=ex8fyA7XbQI,PF259096,"예술의전당 교향악축제, 청주시립교향악단 (04.09)",서양음악(클래식),current_season,True,False,True,False
Q57LN-X3wts,청주시립교향악단 제95회 기획연주회 [설날특별연주회&#39;설빛 음악회&#39;]- 꽃의 왈츠 &#39;호두까기인형&#39; / P. I. Tchaikovsky,"청주시립교향악단 제95회 기획연주회 ""설날특별연주회 -설빛 음악회"" □ 2026. 2. 17.(화) 16:00​, 청주예술의전당 대공연장 ...",UCpyaM8woA6_i9OLMFVsO-fw,청주시립예술단,3090,649,2026-03-10T04:06:51Z,460,general,168,4,,https://www.youtube.com/watch?v=Q57LN-X3wts,PF259096,"예술의전당 교향악축제, 청주시립교향악단 (04.09)",서양음악(클래식),current_season,True,False,True,False
JSF1_uZrkMU,"청주시립교향악단 제198회 정기연주회[Reformation]-Symphony No.5 &quot;Reformation&quot; in D-Major, Op.107 / F. Mendelssohn","청주시립교향악단 제198회 정기연주회 [ Reformation-멘델스존의 종교개혁 ] □ 2025. 10. 16.(목) 19:30​, 청주예술의전당 대공연장 ...",UCpyaM8woA6_i9OLMFVsO-fw,청주시립예술단,3090,649,2025-11-06T02:19:25Z,1926,general,349,4,,https://www.youtube.com/watch?v=JSF1_uZrkMU,PF259096,"예술의전당 교향악축제, 청주시립교향악단 (04.09)",서양음악(클래식),current_season,True,False,True,False
mGhbgXs6u6w,"【#일분뮤지컬⏰】  🧪찾았다, 원자량 225. 순수한 1데시그램. 45개월만에 추출 성공✨ | ♬ 두드려 ♬ | 뮤지컬 &#39;마리퀴리&#39;","일분뮤지컬⏰】 찾았다, 원자량 225. 순수한 1데시그램. 45개월만에 추출 성공✨ | ♬ 두드려 ♬ | 뮤지컬 '마리퀴리' - 김소현 ...",UC0-cdbHprRP6VOlF1_6cG2A,뮤지컬 랜드,96100,498,2024-01-28T07:44:16Z,60,shorts,530270,16217,202,https://www.youtube.com/watch?v=mGhbgXs6u6w,PF226199,마리퀴리 [대구],뮤지컬,current_season,True,True,False,True
cYkTKz8tn98,23마리퀴리대구막공커튼콜,,UCp0YMts-htAf51ovH3FP-SA,minju.josephine,23,40,2023-12-04T22:43:23Z,161,general,8,0,0,https://www.youtube.com/watch?v=cYkTKz8tn98,PF226199,마리퀴리 [대구],뮤지컬,current_season,True,False,False,True
pFld-9b0aLg,뮤지컬 마리퀴리 대구공연 밤공 (임별 focus),뮤지컬 마리퀴리 피에르퀴리 - 배우 임별 focus.,UC8ISn3pManxMxFmgDNQ5hKg,따도,32,50,2023-11-12T14:36:07Z,153,general,22,1,0,https://www.youtube.com/watch?v=pFld-9b0aLg,PF226199,마리퀴리 [대구],뮤지컬,current_season,True,False,False,True
2cyM9Q5J3-A,라듐을 발견한 과학자의 이름은? (3점),뮤지컬 #마리퀴리 #2023마리퀴리 #대구문화예술회관 #홍익대대학로아트센터 2023.11.11~2023.11.12 대구문화예술회관 팔공홀 ...,UCQnMBdSbqtXAcaW0frD1rvg,콘텐츠제작사라이브,13400,938,2023-09-27T09:33:31Z,16,shorts,17185,309,9,https://www.youtube.com/watch?v=2cyM9Q5J3-A,PF226199,마리퀴리 [대구],뮤지컬,current_season,True,False,True,True
eiNgvsAveY8,20231111낮 마리퀴리_대구 컷콜 (유리아 박영수F.),20231111낮 마리퀴리_대구 마리 퀴리 #유리아 피에르 퀴리 #박영수.,UC4orhayA8GnQts37Y9KO1LA,ongz,299,349,2023-11-27T13:51:10Z,173,general,34,1,0,https://www.youtube.com/watch?v=eiNgvsAveY8,PF226199,마리퀴리 [대구],뮤지컬,current_season,True,False,False,True
Msv6LkIqNJE,20231111밤 마리퀴리_대구 컷콜 (유리아 박영수F.),20231111밤 마리퀴리_대구 마리 퀴리 #유리아 피에르 퀴리 #박영수.,UC4orhayA8GnQts37Y9KO1LA,ongz,299,349,2023-11-29T12:56:59Z,171,general,39,0,0,https://www.youtube.com/watch?v=Msv6LkIqNJE,PF226199,마리퀴리 [대구],뮤지컬,current_season,True,False,False,True
UQIsUU8SuTk,23.11.12 마리퀴리 대구 막공 커튼콜,,UCAZNV3w059YSP7yExTU2uRA,새싹🌱 ,2,17,2023-11-13T16:52:20Z,234,general,16,0,0,https://www.youtube.com/watch?v=UQIsUU8SuTk,PF226199,마리퀴리 [대구],뮤지컬,current_season,True,False,False,True
t3mbvFuogPQ,[20231112] 뮤지컬 마리퀴리 대구 낮공 커튼콜 (이찬렬 배우님 focus),마리퀴리 #뮤지컬 #이찬렬 #이찬렬배우 #이찬렬배우님.,UCnImanWfJOaomJKT2530sTg,스프링블라썸,37,153,2023-11-12T19:51:32Z,236,general,11,1,0,https://www.youtube.com/watch?v=t3mbvFuogPQ,PF226199,마리퀴리 [대구],뮤지컬,current_season,True,False,False,True
SLnEGgwxds8,[4K] 231112 마리퀴리 대구 밤 커튼콜 focus.임별,231112 #마리퀴리 대구 밤 커튼콜 focus. 피에르 퀴리 #임별 배우님.,UCXGIfDu55RlCc1tWArPvemw,Metaphor ,906,578,2023-11-12T14:31:13Z,230,general,207,10,0,https://www.youtube.com/watch?v=SLnEGgwxds8,PF226199,마리퀴리 [대구],뮤지컬,current_season,True,False,False,True
qmcdDAyn2YQ,[4K] 231112 밤 뮤지컬 마리퀴리 대구 커튼콜 (이정화 Focus),231112 밤 뮤지컬 마리퀴리 대구 커튼콜 마리 스클로도프스카 퀴리 : #이정화 안느 코발스키 : 강혜인 피에르 퀴리 : 임별 루벤 뒤퐁 ...,UCHWkVpFDlHaeVF9WE8aQa2w,플링,235,274,2023-11-14T04:25:24Z,232,general,264,3,0,https://www.youtube.com/watch?v=qmcdDAyn2YQ,PF226199,마리퀴리 [대구],뮤지컬,current_season,True,False,False,True
HyWi0hZA658,"[231112] &#39;뮤지컬 마리 퀴리&#39; 대구공연 커튼콜 (이정화, 강혜인, 임별, 안재영, 민정아, 이찬렬, 홍유정, 조배근, 윤수아, 황수빈)",'23. 11. 12.(일) 오후 6시 30분 '뮤지컬 마리 퀴리' 대구공연 커튼콜 대구문화예술회관 팔공홀 . 이정화 - 마리 스클로도프스카 퀴리 役 ...,UC9MSu01KwvS4VH4yVSVRjWQ,문화저장소,253,295,2023-11-14T10:36:49Z,236,general,222,,1,https://www.youtube.com/watch?v=HyWi0hZA658,PF226199,마리퀴리 [대구],뮤지컬,current_season,True,False,True,True
z1Yr0uW35ns,[4K] 231112 마리퀴리 대구 낮 커튼콜 focus.임별,231112 #마리퀴리 대구 낮 커튼콜 focus. 피에르 퀴리 #임별 배우님.,UCXGIfDu55RlCc1tWArPvemw,Metaphor ,906,578,2023-11-12T09:15:35Z,230,general,172,6,0,https://www.youtube.com/watch?v=z1Yr0uW35ns,PF226199,마리퀴리 [대구],뮤지컬,current_season,True,False,False,True
Ft-_E43zcr4,20231111 마리퀴리 대구 밤공 커튼콜 4K 세로캠 (focus 박영수),20231111 마리퀴리 대구 밤공 커튼콜 4K 세로캠 (focus 박영수),UCwlhqLfcNzCUfSa0JbncQbg,_shape_of_star_,175,749,2023-11-11T15:05:39Z,160,general,46,1,0,https://www.youtube.com/watch?v=Ft-_E43zcr4,PF226199,마리퀴리 [대구],뮤지컬,current_season,True,False,False,True
ZFcWUpQZXI4,[4K] 231111 낮 뮤지컬 마리퀴리 대구 커튼콜 (유리아 Focus),231111 낮 뮤지컬 마리 퀴리 대구 커튼콜 마리 스클로도프스카 퀴리 : #유리아 안느 코발스키 : 효은 피에르 퀴리 : 박영수 루벤 뒤퐁 ...,UCHWkVpFDlHaeVF9WE8aQa2w,플링,235,274,2023-11-11T08:54:37Z,234,general,2273,33,2,https://www.youtube.com/watch?v=ZFcWUpQZXI4,PF226199,마리퀴리 [대구],뮤지컬,current_season,True,False,False,True
WYm4XAo8iyc,[4K] 231111 밤 뮤지컬 마리퀴리 대구 커튼콜 (유리아 Focus),231111 밤 뮤지컬 마리퀴리 대구 커튼콜 마리 스클로도프스카 퀴리 : #유리아 안느 코발스키 : 효은 피에르 퀴리 : 박영수 루벤 뒤퐁 : 양 ...,UCHWkVpFDlHaeVF9WE8aQa2w,플링,235,274,2023-11-12T05:35:55Z,226,general,597,9,0,https://www.youtube.com/watch?v=WYm4XAo8iyc,PF226199,마리퀴리 [대구],뮤지컬,current_season,True,False,False,True
sNcnCiaUXpY,#마리퀴리 #대구 #뮤지컬 #커튼콜,,UCo33jSiPqXSLbF2KAhBRZ0A,꿀벅지샘TV,63,34,2023-11-14T08:03:13Z,234,general,131,1,1,https://www.youtube.com/watch?v=sNcnCiaUXpY,PF226199,마리퀴리 [대구],뮤지컬,current_season,True,False,False,True
df7s86S1EWM,231111 마리퀴리 대구 밤공 커튼콜,,UClfcK5X6ehVRP6yLfrO-lSg,포하아앙,33,133,2023-11-11T13:52:18Z,216,general,104,1,1,https://www.youtube.com/watch?v=df7s86S1EWM,PF226199,마리퀴리 [대구],뮤지컬,current_season,True,False,False,True
J15Xb_DEkIQ,20231111 마리퀴리 대구 낮공 커튼콜 4K 세로캠 (focus 박영수),20231111 마리퀴리 대구 낮공 커튼콜 4K 세로캠 (focus 박영수),UCwlhqLfcNzCUfSa0JbncQbg,_shape_of_star_,175,749,2023-11-11T08:16:50Z,158,general,72,2,0,https://www.youtube.com/watch?v=J15Xb_DEkIQ,PF226199,마리퀴리 [대구],뮤지컬,current_season,True,False,False,True
VSctMbnurME,"231112 6시 30분 뮤지컬 마리퀴리 커튼콜 (이정화, 강혜인, 안재영, 임별)","231112 6시 30분 뮤지컬 마리퀴리 커튼콜 (이정화, 강혜인, 안재영, 임별) 대구문화예술회관 팔공홀 6열 마리-이정화 안느-강혜인 ...",UCOcu46HdPu8YdSfEsHFjFEA,밍아카이브,5660,275,2023-11-12T13:26:16Z,223,general,209,4,0,https://www.youtube.com/watch?v=VSctMbnurME,PF226199,마리퀴리 [대구],뮤지컬,current_season,True,False,True,True
JGctj2TR2tw,사이다 광고주분들 연락주세요,뮤지컬 #마리퀴리 #2023마리퀴리 #대구문화예술회관 #홍익대대학로아트센터 2023.11.24~2024.2.18 홍익대 대학로 아트센터 ...,UCQnMBdSbqtXAcaW0frD1rvg,콘텐츠제작사라이브,13400,938,2023-12-22T03:16:22Z,26,shorts,7615,173,4,https://www.youtube.com/watch?v=JGctj2TR2tw,PF226199,마리퀴리 [대구],뮤지컬,current_season,True,False,True,True
_m3kN7Gabrg,4k 뮤지컬 마리퀴리 첫공 커튼콜 23.10.14 낮 부산 / 이정화 강혜인 안재영 김지철 민정아 이찬렬 홍유정 조배근 임상희 황수빈,뮤지컬 #마리퀴리 커튼콜 23.10.14 낮 이정화 강혜인 안재영 김지철 민정아 이찬렬 홍유정 조배근 임상희 황수빈 부산문화회관 ...,UCy2QuVxcyEPpBEdWkcdZLnA,라디우스,484,180,2023-10-14T10:15:04Z,239,general,1958,23,2,https://www.youtube.com/watch?v=_m3kN7Gabrg,PF226199,마리퀴리 [대구],뮤지컬,current_season,True,False,False,True
2D_DvsPJj4A,"눈물나는 고전, &#39;노인과 바다&#39; 결말포함",헤밍웨이 #노인과바다 #고전문학 #고전소설 #결론포함.,UCRk8PF2X-m2M3QNkdiAaNCg,명작의 짧은 향기,241,7,2024-09-12T07:00:02Z,53,shorts,43827,559,9,https://www.youtube.com/watch?v=2D_DvsPJj4A,PF245601,노인과 바다,한국음악(국악),current_season,True,False,False,True
ZvZhFQGcJq8,노인과 바다 줄거리 요약 #노인과바다 #책추천#책리뷰,,UCBpgppgcNGPIWWUEgFWbJBw,지라르,5770,345,2024-09-23T23:01:39Z,28,shorts,22125,257,14,https://www.youtube.com/watch?v=ZvZhFQGcJq8,PF245601,노인과 바다,한국음악(국악),current_season,True,False,False,True
PbRDYrLLnC0,"[2025 서울 아시테지 겨울축제] 공연 하이라이트 영상_노인과 바다, 그리고 소년",2025 서울 아시테지 겨울축제   공연별 하이라이트 영상 공개!! 하이라이트 영상을 통해 공연을 먼저 만나보세요~! 공연명 : 노인과 ...,UCif2zZKw1nN2lKUoGsrME7w,아시테지 코리아 ASSITEJ Korea Channel,862,386,2024-11-12T06:25:57Z,65,general,170,1,0,https://www.youtube.com/watch?v=PbRDYrLLnC0,PF245601,노인과 바다,한국음악(국악),current_season,True,False,False,True
vMq2zjUF6vI,"두 작가가 손절한 이유는? 헤밍웨이 vs 피츠제럴드 인생 곡선 살펴보기 | 노인과 바다, 위대한 개츠비, 호주머니 속의 축제, 재즈 시대의 메아리 [세문전 월드컵 EP25]","화해해 (짝) 화해해 (짝) 00:00 하이라이트 00:21 오늘의 주제 ""작가 대전"" 헤밍웨이 vs 피츠제럴드 01:42 헤밍웨이의 인생 곡선 08:20 ...",UCRbjtZUrNAQe7w5c03JCMXw,민음사TV,534000,1186,2024-08-06T08:00:07Z,2286,general,99987,2064,186,https://www.youtube.com/watch?v=vMq2zjUF6vI,PF245601,노인과 바다,한국음악(국악),current_season,True,False,False,True
lYUSeVtiUWU,"240913 판소리 노인과 바다 커튼콜(소리꾼 이자람, 고수 박근영)",,UC8wHRg7-eYIaNdm8FttU4aA,Shiro Katze,285,56,2024-09-13T13:54:37Z,30,shorts,89,0,0,https://www.youtube.com/watch?v=lYUSeVtiUWU,PF245601,노인과 바다,한국음악(국악),current_season,True,False,False,True
Y-t4Cf_SjSE,"2025 한류확산 국악공연 &#39;춤, 조선통신사&#39; 유마도를 그리다","2025 한류확산 국악공연 '춤, 조선통신사' 유마도를 그리다 원작 I 강남주 총감독,안무 I 정신혜 연출 I 조주현 대본 I 천정완 작곡 I ...",UCMol40KE2ds7yBqjLU1zFCA,[Busan National Gugak Center]국립부산국악원,3170,809,2025-05-27T06:57:39Z,4571,general,2004,57,4,https://www.youtube.com/watch?v=Y-t4Cf_SjSE,PF261891,"한류확산 국악공연: 춤, 조선통신사 유마도를 그리다 [부산]",무용(서양/한국무용),current_season,True,False,False,True
MantZm_LdgI,"2023 한류확산을 위한 국악공연 : 유마도 시즌Ⅱ [춤, 조선통신사 유마도(柳馬圖)를 그리다] TV광고영상","한류확산을 위한 국악공연✍️ [유마도 시즌Ⅱ] '춤, 조선통신사 유마도(柳馬圖)를 그리다' 2019년 5월 국립부산국악원 무용단 정기 ...",UCMol40KE2ds7yBqjLU1zFCA,[Busan National Gugak Center]국립부산국악원,3170,809,2023-04-08T01:01:07Z,21,shorts,782,6,0,https://www.youtube.com/watch?v=MantZm_LdgI,PF261891,"한류확산 국악공연: 춤, 조선통신사 유마도를 그리다 [부산]",무용(서양/한국무용),current_season,True,False,True,False
p_Ktimv0LaA,"국립부산국악원 : 2019 무용단 정기공연 - 춤,조선통신사 - 유마도를 그리다 [2019.05.04]","2019 무용단 정기공연 [ 춤,조선통신사 - 유마도를 그리다 ]",UCMol40KE2ds7yBqjLU1zFCA,[Busan National Gugak Center]국립부산국악원,3170,809,2019-05-10T04:13:36Z,320,general,1613,19,2,https://www.youtube.com/watch?v=p_Ktimv0LaA,PF261891,"한류확산 국악공연: 춤, 조선통신사 유마도를 그리다 [부산]",무용(서양/한국무용),current_season,True,False,True,False
BJePuc1Pgyc,9월. 놓칠 수 없는 화려한 솔리스트들의 귀환!! [1 ~2주차],유성권 #정경화 #임동혁 인천시립교향악단 제425회 정기연주회 2024 클래식 나우 Ⅰ: 바수니스트 유성권 ...,UCwZVVUmL_M_NfPYAWlOWX2w,이너뷰_Classic,6120,239,2024-08-29T08:45:00Z,364,general,1025,8,1,https://www.youtube.com/watch?v=BJePuc1Pgyc,PF241569,"제425회 인천시립교향악단 정기연주회, 클래식 나우 Ⅱ: 바수니스트 유성권",서양음악(클래식),current_season,True,False,False,True
Iesu2Fr8VIg,인천시립무용단 기획공연 &#39;Inside Out: 안무가들&#39;,인천시립무용단 기획공연 'Inside Out: 안무가들' 단원과 외부 안무가 협업으로 확장된 개방형 프로젝트!✨ 전통에 대한 새로운 접근과 ...,UCrFUIM--ORpvlaSMgELJ9zQ,인천문화예술회관,1610,225,2026-03-16T01:24:45Z,67,general,469,2,0,https://www.youtube.com/watch?v=Iesu2Fr8VIg,PF285319,"인천시립무용단 기획공연, InsideOut: 안무가들 [인천]",무용(서양/한국무용),current_season,True,False,False,True
iU1lesTOAnw,(3/27-3/28)국립국악원 창작악단 기획공연 〈작곡가시리즈Ⅳ - 이상규〉🎋,"""그의 총체적인 상(像)은 대죽을 닮은 데가 있다. 대나무적 절조에 은은한 인간미를 조화시킨 성품이다. 그의 작품세계는 엄동설한을 ...",UCmN4xFSlmWw-_d2riM-ep0A,국립국악원 National Gugak Center,72800,3578,2025-03-07T01:00:39Z,43,shorts,474,,0,https://www.youtube.com/watch?v=iU1lesTOAnw,PF259527,"국립국악원 창작악단 기획공연, 작곡가 시리즈 Ⅳ: 이상규",한국음악(국악),current_season,True,False,True,True
8d40zgAAMiY,창작악단 기획공연 〈작곡가시리즈4 - 이상규〉 - 권성택 예술감독🧙🏻‍♂️,창작악단 기획공연 '작곡가시리즈4 - 이상규'를 기획한 권성택 창작악단 예술감독님의 이야기를 영상으로 담아 전해드립니다.,UCmN4xFSlmWw-_d2riM-ep0A,국립국악원 National Gugak Center,72800,3578,2025-03-20T07:30:03Z,86,general,585,5,0,https://www.youtube.com/watch?v=8d40zgAAMiY,PF259527,"국립국악원 창작악단 기획공연, 작곡가 시리즈 Ⅳ: 이상규",한국음악(국악),current_season,True,False,False,True
ZSe0csHWMoY,[창작악단 작곡가시리즈4] #미니다큐 #1 &quot;내 친구 이상규 - 서한범 편&quot;,창작악단 기획공연 〈작곡가시리즈4 - 이상규〉 무대를 만나기 전 이상규 작곡가는 누구인지 소개하는 미니 다큐를 공개합니다.,UCmN4xFSlmWw-_d2riM-ep0A,국립국악원 National Gugak Center,72800,3578,2025-03-11T05:00:26Z,217,general,496,11,0,https://www.youtube.com/watch?v=ZSe0csHWMoY,PF259527,"국립국악원 창작악단 기획공연, 작곡가 시리즈 Ⅳ: 이상규",한국음악(국악),current_season,True,False,False,True
sqELynPBdCk,창작악단 기획공연 〈작곡가시리즈4 - 이상규〉 - 자진한잎 by 정재국,"창작악단 기획공연 〈작곡가시리즈4 - 이상규〉에 협연자로 출연하는 명인들이, 자신이 연주하는 작품을 직접 소개해드립니다   그 ...",UCmN4xFSlmWw-_d2riM-ep0A,국립국악원 National Gugak Center,72800,3578,2025-03-11T05:40:55Z,59,shorts,1003,19,0,https://www.youtube.com/watch?v=sqELynPBdCk,PF259527,"국립국악원 창작악단 기획공연, 작곡가 시리즈 Ⅳ: 이상규",한국음악(국악),current_season,True,False,False,True
QGq_r1JWdPQ,"[창작악단 작곡가시리즈4] #미니다큐 #3 &quot;나의 지음(知音) 이상규 - 정재국, 양경숙, 임재원 편&quot;","창작악단 기획공연 〈작곡가시리즈4 - 이상규〉(3.27.~3.28.)를 만나기 전, 이상규 작곡가를 소개하는 미니 다큐를 공개합니다.",UCmN4xFSlmWw-_d2riM-ep0A,국립국악원 National Gugak Center,72800,3578,2025-03-18T06:04:19Z,165,general,466,9,1,https://www.youtube.com/watch?v=QGq_r1JWdPQ,PF259527,"국립국악원 창작악단 기획공연, 작곡가 시리즈 Ⅳ: 이상규",한국음악(국악),current_season,True,False,False,True
wnQLXNNd_nY,[2025. 3. 28.] 창작악단 기획공연〈작곡가 시리즈4 - 이상규〉- 대바람소리 (협연_임재원),"2025년 3월 28일(금), 국립국악원 예악당에서 진행된 창작악단 기획공연〈작곡가 시리즈4 - 이상규〉中 대바람소리 (협연_임재원) ...",UCmN4xFSlmWw-_d2riM-ep0A,국립국악원 National Gugak Center,72800,3578,2025-07-11T06:00:49Z,926,general,834,28,1,https://www.youtube.com/watch?v=wnQLXNNd_nY,PF259527,"국립국악원 창작악단 기획공연, 작곡가 시리즈 Ⅳ: 이상규",한국음악(국악),current_season,True,False,True,False
2HrWI8zsidI,창작악단 기획공연 〈작곡가시리즈4 - 이상규〉 - 대바람 소리 by 임재원,창작악단 기획공연 '작곡가시리즈4 - 이상규'에 협연자로 출연하시는 명인 선생님들의 작품 소개를 영상으로 담아 전해드립니다.,UCmN4xFSlmWw-_d2riM-ep0A,국립국악원 National Gugak Center,72800,3578,2025-03-18T06:26:11Z,73,general,1232,13,0,https://www.youtube.com/watch?v=2HrWI8zsidI,PF259527,"국립국악원 창작악단 기획공연, 작곡가 시리즈 Ⅳ: 이상규",한국음악(국악),current_season,True,False,False,True
62WsJVc7vo4,창작악단 기획공연 〈작곡가시리즈4 - 이상규〉 - 수나뷔 by 양경숙,"창작악단 기획공연 〈작곡가시리즈4 - 이상규〉에 협연자로 출연하는 명인들이, 자신이 연주하는 작품을 직접 소개해드립니다   그 ...",UCmN4xFSlmWw-_d2riM-ep0A,국립국악원 National Gugak Center,72800,3578,2025-03-13T05:01:04Z,89,general,606,9,0,https://www.youtube.com/watch?v=62WsJVc7vo4,PF259527,"국립국악원 창작악단 기획공연, 작곡가 시리즈 Ⅳ: 이상규",한국음악(국악),current_season,True,False,False,True
wqeUSIEagfQ,[창작악단 작곡가시리즈4] #미니다큐 #4 &quot;나의 아버지 이상규 - 이경은 편&quot;,"창작악단 기획공연 〈작곡가시리즈4 - 이상규〉(3.27.~3.28.)를 만나기 전, 이상규 작곡가를 소개하는 미니 다큐를 공개합니다.",UCmN4xFSlmWw-_d2riM-ep0A,국립국악원 National Gugak Center,72800,3578,2025-03-20T07:30:31Z,255,general,579,11,0,https://www.youtube.com/watch?v=wqeUSIEagfQ,PF259527,"국립국악원 창작악단 기획공연, 작곡가 시리즈 Ⅳ: 이상규",한국음악(국악),current_season,True,False,False,True
fDPjOL50BaI,"[창작악단 작곡가시리즈4] #미니다큐 #2 &quot;나의 교수님 이상규 - 강은일, 한충은, 박경훈 편&quot;",창작악단 기획공연 〈작곡가시리즈4 - 이상규〉 무대를 만나기 전 이상규 작곡가는 누구인지 소개하는 미니 다큐를 공개합니다.,UCmN4xFSlmWw-_d2riM-ep0A,국립국악원 National Gugak Center,72800,3578,2025-03-13T05:00:08Z,439,general,561,11,0,https://www.youtube.com/watch?v=fDPjOL50BaI,PF259527,"국립국악원 창작악단 기획공연, 작곡가 시리즈 Ⅳ: 이상규",한국음악(국악),current_season,True,False,False,True
YSpeswJhfsM,"[2024 대한민국은 공연중 - K-클래식] 국립국악관현악단 &#39;격格, 한국의 멋&#39;",대한민국 공연예술 축제 [2024 대한민국은 공연중] ! 국립극장에서 진행되는 K-클래식 공연의 막이 오릅니다. ○ 국립국악관현악단 [격 ...,UC-Yd4HrryydbIx0ctY4gt-g,국립국악관현악단,4470,229,2024-10-04T09:29:42Z,41,shorts,901,,0,https://www.youtube.com/watch?v=YSpeswJhfsM,PF248136,"대한민국은 공연중, 국립국악관현악단: 격, 한국의 멋",한국음악(국악),current_season,True,False,True,True
pCk-xq4ekEs,[4K] 250621 뮤지컬 라흐헤스트 여주 밤 커튼콜 f.김종구,250621 뮤지컬 라흐헤스트 여주 밤 커튼콜 김환기 #김종구 focus 김향안 #김려원 변동림 #홍지희 이상 #최재웅.,UCXGIfDu55RlCc1tWArPvemw,Metaphor ,906,578,2025-06-21T11:37:20Z,106,general,56,4,0,https://www.youtube.com/watch?v=pCk-xq4ekEs,PF264328,라흐 헤스트 [여주],뮤지컬,current_season,True,False,False,True
Vla_1FI6eJY,[뮤지컬 음악팀 브이로그🎵] 라흐헤스트 여주 공연 | 다시 야구... 아니 공연의 시간입니다📚🎨✒️,2025. 06. 20 - 21 뮤지컬 라흐헤스트 in 여주 #뮤지컬 #라흐헤스트 #기아타이거즈.,UCfgrHn2AJp2h2XxAvbwmTIg,NYONG 뇽,69,12,2025-07-20T08:33:38Z,761,general,206,14,0,https://www.youtube.com/watch?v=Vla_1FI6eJY,PF264328,라흐 헤스트 [여주],뮤지컬,current_season,True,False,False,True
_VCTHHvSbeU,250621 뮤지컬 라흐 헤스트 여주 낮공 커튼콜 | #홍지희 배우님 F.,실시간으로 카메라가 고장난 콩덕 소녀가 눈물을 머금고 휴대폰으로 촬영한 영상이다.,UCXOeP7-PlMMuY03fUXL6uRw,너의 느낌표를 믿어 .ᐟ ,50,38,2025-06-21T12:00:55Z,66,general,56,3,0,https://www.youtube.com/watch?v=_VCTHHvSbeU,PF264328,라흐 헤스트 [여주],뮤지컬,current_season,True,False,False,True
v6HuUDLMrHI,250621 #라흐헤스트 #l&#39;artreste #커튼콜,김려원 #김종구 #홍지희 #최재웅 #세종국악당_여주 #j기록.,UCwVdOQN_aDCX198fDgoE1LA,J,3,6,2025-07-01T23:23:35Z,81,general,14,1,0,https://www.youtube.com/watch?v=v6HuUDLMrHI,PF264328,라흐 헤스트 [여주],뮤지컬,current_season,True,False,True,True
JQH8hOEKb1s,[4K] 250621 뮤지컬 라흐헤스트 여주 낮 커튼콜 f.김종구,250621 뮤지컬 라흐헤스트 여주 낮 커튼콜 김환기 #김종구 focus 김향안 #김려원 변동림 #홍지희 이상 #최재웅.,UCXGIfDu55RlCc1tWArPvemw,Metaphor ,906,578,2025-06-21T07:26:40Z,110,general,85,3,0,https://www.youtube.com/watch?v=JQH8hOEKb1s,PF264328,라흐 헤스트 [여주],뮤지컬,current_season,True,False,False,True
C_mFO2mnYdY,"[#홍지희] ‘동림’과 여주, 안양에서도 만나요💗 | 뮤지컬 라흐헤스트","여주 공연 일시: 6/21(토) 장소: 세종국악당 ✔️안양 공연 일시: 6/27-28(금,토) 장소: 평촌아트홀 #홍지희 #HongJiHee #뮤지컬 #라흐 ...",UCc-UY_QhHOoU337Hp-ARs6A,엘줄라이엔터테인먼트 L.julyent,2200,284,2025-06-19T09:00:29Z,49,shorts,439,12,0,https://www.youtube.com/watch?v=C_mFO2mnYdY,PF264328,라흐 헤스트 [여주],뮤지컬,current_season,True,False,True,True
vCGu9Q1KTI8,라흐헤스트(여주) 커튼콜 (김려원 배우님 focus),뮤지컬 라흐헤스트 250621 낮공 + 밤공 커튼콜 향안 / 김려원 배우님 환기 / 김종구 배우님 동림 / 홍지희 배우님 이상 / 최재웅 배우님.,UCWzP1dBRkm3ZLMjJEnleuUg,ttalgilatte 520,6,45,2025-08-31T11:25:26Z,146,general,587,1,0,https://www.youtube.com/watch?v=vCGu9Q1KTI8,PF264328,라흐 헤스트 [여주],뮤지컬,current_season,True,False,False,True
r8LDl-P5xmA,250621 여주 라흐헤스트 김종구 환기 focus.,,UCZDY9cWDnXwBSZ8see2mr9g,128GB,1340,1134,2025-07-02T14:19:35Z,90,general,1746,4,0,https://www.youtube.com/watch?v=r8LDl-P5xmA,PF264328,라흐 헤스트 [여주],뮤지컬,current_season,True,False,False,True
Pig9bSNczaA,[4K] 250621 뮤지컬 라흐 헤스트 여주 밤공 커튼콜 | #홍지희 배우님 F.,나의 온 세상인 너에게 갈게 𓈒𓏸 𓂂𓈒 ♡ 마음껏 퍼가주세요 #라흐헤스트 #홍지희.,UCXOeP7-PlMMuY03fUXL6uRw,너의 느낌표를 믿어 .ᐟ ,50,38,2025-06-21T12:06:23Z,85,general,121,2,0,https://www.youtube.com/watch?v=Pig9bSNczaA,PF264328,라흐 헤스트 [여주],뮤지컬,current_season,True,False,False,True
CBuC6g-oH8w,250621 뮤지컬 라흐헤스트 여주 지방공연 커튼콜&amp;퇴근길 - 김려원 배우,"1.영상 내용의 일부는 스포일러가 포함될 수 있습니다. 2.관계자외 일반인(관객)얼굴이 노출될 경우 구도를 잡지 않거나, 모자이크 필터 ...",UCrXJUrLV0zCDSxQBgDloOLg,Geunsang,4660,758,2025-06-22T04:31:29Z,410,general,135,3,0,https://www.youtube.com/watch?v=CBuC6g-oH8w,PF264328,라흐 헤스트 [여주],뮤지컬,current_season,True,False,False,True
pfl4B4sbskI,"250621 뮤지컬 라흐헤스트 여주 낮 커튼콜(김종구 Focus,김려원,홍지희,최재웅)",,UCk81i2Tm9NODNm5GuoEBDdA,tiny,21,449,2025-06-21T07:42:06Z,98,general,6,0,0,https://www.youtube.com/watch?v=pfl4B4sbskI,PF264328,라흐 헤스트 [여주],뮤지컬,current_season,True,False,False,True
DD4yhGNCaVU,2025년 5월 안동문화예술의전당 기획공연,안동문화예술의전당 5월 기획공연 · 5/2(금) 공간활성화지원사업 - 아마빌레 무비판타지 · 5/5(월) 윤별발레컴퍼니 창작발레 '갓' ...,UC6BTl-LJJzaPeb4EKOQ4mcQ,안동문화예술의전당,1110,354,2025-04-19T01:00:14Z,59,shorts,88,3,0,https://www.youtube.com/watch?v=DD4yhGNCaVU,PF263148,갓 [안동],무용(서양/한국무용),current_season,False,True,True,True
kfPXH1XEwco,"[231104] &#39;뮤지컬 테레즈 라캥&#39; 홍성공연 커튼콜 (최연우, 박정원, 곽다인, 오진영)",'23. 11. 4.(토) 오후 2시 '뮤지컬 테레즈 라캥' 홍성공연 커튼콜 홍주문화회관 대공연장 . 최연우 - 테레즈 라캥 役 박정원 - 로랑 役 곽 ...,UC9MSu01KwvS4VH4yVSVRjWQ,문화저장소,253,295,2023-11-05T10:57:06Z,151,general,71,,0,https://www.youtube.com/watch?v=kfPXH1XEwco,PF225716,테레즈 라캥 [홍성],뮤지컬,current_season,True,False,True,True
3UV94i2jO4A,"231104 낮 뮤지컬 &#39;테레즈 라캥&#39; 홍성 커튼콜, 박정원 배우님(4K)",,UC3JpcEcfzHxLVRpjpEykInA,To. 87s,674,332,2023-11-04T12:38:34Z,163,general,254,13,0,https://www.youtube.com/watch?v=3UV94i2jO4A,PF225716,테레즈 라캥 [홍성],뮤지컬,current_season,True,False,False,True
fHXyCVUcFkw,231104 뮤지컬 테레즈 라캥 홍성 커튼콜 | 최연우 박정원 곽다인 오진영 | 홍주문화회관,,UCb68P-BaaT3EDC8hT61bvNA,익명의 스콜 수집가,60,246,2023-11-04T09:23:27Z,161,general,81,3,0,https://www.youtube.com/watch?v=fHXyCVUcFkw,PF225716,테레즈 라캥 [홍성],뮤지컬,current_season,True,False,True,True
tx1Ax2RUn7U,231104 테레즈 라캥 홍성 커튼콜데이,최연우 박정원 곽다인 오진영.,UCrFR9YS_wNney0hRFo_UKIA,권곡으로부터,72,205,2023-11-04T12:13:31Z,174,general,9,1,0,https://www.youtube.com/watch?v=tx1Ax2RUn7U,PF225716,테레즈 라캥 [홍성],뮤지컬,current_season,True,False,False,True
q_pupHcHmtg,[4K] 231104 뮤지컬 테레즈 라캥🥀 홍성 지방 공연 커튼콜 _ 박정원 focus,,UCB-bn5Mk0UqlhZQd8QdDH3w,LAN_,56,179,2023-11-04T07:50:43Z,174,general,141,7,0,https://www.youtube.com/watch?v=q_pupHcHmtg,PF225716,테레즈 라캥 [홍성],뮤지컬,current_season,True,False,False,True
6CIn5AWPgqc,#최상 #임성환의가요쇼 #을숙도문화회관 #어느60대노부부 이야기,,UCEElyqG17gBcqbgLgBpib0g,권정기TV,5380,1359,2023-11-21T02:59:52Z,297,general,231,21,10,https://www.youtube.com/watch?v=6CIn5AWPgqc,PF287189,어느 60대 노부부 이야기 [부산],뮤지컬,current_season,True,False,True,False
wLaWgsFG9N8,[프리뷰] 울산시립교향악단 제240회 정기연주회 「격동의 사반세기」,울산시립교향악단 제240회 정기연주회 「격동의 사반세기」 2024년 11월 22일(금) 오후7시30분 울산문화예술회관 대공연장 ...,UCIMC70agsQriD6hAfGpLaxA,울산문화예술회관,1530,316,2024-11-14T04:32:45Z,31,shorts,159,3,0,https://www.youtube.com/watch?v=wLaWgsFG9N8,PF243305,제240회 울산시립교향악단 정기연주회: 격동의 사반세기,서양음악(클래식),current_season,True,True,True,True
HX16e4vdqQ0,국립심포니오케스트라 2025 시즌 : 뉴 오리진ㅣ𝐊𝐍𝐒𝐎 𝟐𝟎𝟐𝟓 𝐒𝐄𝐀𝐒𝐎𝐍 : 𝐍𝐄𝐖 𝐎𝐑𝐈𝐆𝐈𝐍𝐒,국립심포니오케스트라 2025 시즌 오픈 KNSO 2025 SEASON OPEN 뉴 오리진 𝖭𝖾𝗐 𝖮𝗋𝗂𝗀𝗂𝗇𝗌 ✧ 전통과 혁신 ...,UCoMo9mcWR5f_pPjdbacLaIw,국립심포니오케스트라,49800,833,2025-01-05T23:40:43Z,35,shorts,1244,36,4,https://www.youtube.com/watch?v=HX16e4vdqQ0,PF256800,"쇼스타코비치 서거 50주기 기념, 국립심포니오케스트라 실내악 시리즈 1",서양음악(클래식),current_season,True,False,False,True
PkKeSJse7MU,국립심포니오케스트라 2025 시즌 : 뉴 오리진ㅣ𝐊𝐍𝐒𝐎 𝟐𝟎𝟐𝟓 𝐒𝐄𝐀𝐒𝐎𝐍 : 𝐍𝐄𝐖 𝐎𝐑𝐈𝐆𝐈𝐍𝐒,국립심포니오케스트라 2025 시즌 오픈 KNSO 2025 SEASON OPEN 뉴 오리진 𝖭𝖾𝗐 𝖮𝗋𝗂𝗀𝗂𝗇𝗌 ✧ 전통과 혁신 ...,UCoMo9mcWR5f_pPjdbacLaIw,국립심포니오케스트라,49800,833,2025-01-05T23:26:39Z,61,general,26765,276,5,https://www.youtube.com/watch?v=PkKeSJse7MU,PF256800,"쇼스타코비치 서거 50주기 기념, 국립심포니오케스트라 실내악 시리즈 1",서양음악(클래식),current_season,True,False,False,True
9UbrwdbI1P8,"[평택시립국악관현악단] 평택아리랑(작시:임봄, 작곡:박범훈)ㅣ평택시립국악관현악단 &#39;봄맞이 소리&#39;","평택아리랑(작시: 임봄, 작곡: 박범훈) *초연 평택시립국악관현악단은 역사 깊은 평택의 소리(음악)를 전승하고, 21세기의 새로운 평택 ...",UCsF8o3x1qC5vpeWOrk5z9Rg,평택시문화재단,301,246,2025-05-23T02:34:51Z,854,general,1943,52,4,https://www.youtube.com/watch?v=9UbrwdbI1P8,PF260139,"평택시립국악관현악단, 봄맞이 소리 [평택]",복합,current_season,True,False,False,True
ffyAOYO0dzw,[문화n공감] [문화 인사이드] 평택시립국악관현악 정기 연주회 &#39;봄맞이 소리&#39;,"일상에 문화를 더하다 [문화n공감]은 매주 월요일 오전 11시, 국악방송 TV에서 시청하실 수 있습니다. 일상에 문화를 더하다 [문화n ...",UCaBwNyKKjDaYIzS8dhyaXBA,국악방송 TV (Gugak Broadcasting System: TV),97000,6767,2025-05-21T09:01:04Z,396,general,867,29,4,https://www.youtube.com/watch?v=ffyAOYO0dzw,PF260139,"평택시립국악관현악단, 봄맞이 소리 [평택]",복합,current_season,True,False,False,True
DBDZxFk_2zM,#김준수 #소리꾼김준수 / 4월의 공연 소식입니다  #그강을건너지마오 #キムジュンス,소리꾼 김준수님의 4월 스케줄을 알려드리겠습니다. 1. 봄맞이 소리 with 평택시립국악관현악단 : 4월 2일(수) 19시 30분 : 한국 ...,UCuLsS457TpNX_tRhCfVuxyg,부채_sori,7770,267,2025-04-02T06:11:00Z,65,general,9192,321,16,https://www.youtube.com/watch?v=DBDZxFk_2zM,PF260139,"평택시립국악관현악단, 봄맞이 소리 [평택]",복합,current_season,True,False,False,True
VJZ00l-IB-A,"로시니, 오페라 &#39;윌리엄 텔&#39; 서곡 | G. Rossini, Overture from Opera &#39;Guillaume Tell&#39; | 로베르토 아바도",윌리엄텔 #국립심포니오케스트라 #로베르토 아바도 제8대 음악감독 취임 연주회 '차갑고도 뜨거운' 2026.1.11｜예술의전당 콘서트홀 ...,UCoMo9mcWR5f_pPjdbacLaIw,국립심포니오케스트라,49800,833,2026-07-06T00:00:21Z,838,general,785,22,1,https://www.youtube.com/watch?v=VJZ00l-IB-A,PF269429,국립심포니오케스트라 실내악 시리즈 2,서양음악(클래식),current_season,True,False,True,False
YGYh0bX2rxU,"À bientôt, Maestro",제7대 예술감독 '다비트 라일란트' 국립심포니오케스트라가 내딛는 걸음마다 당신의 음악에 대한 열정과 헌신 그리고 사람을 향한 ...,UCoMo9mcWR5f_pPjdbacLaIw,국립심포니오케스트라,49800,833,2025-09-06T00:53:26Z,339,general,10384,464,54,https://www.youtube.com/watch?v=YGYh0bX2rxU,PF269429,국립심포니오케스트라 실내악 시리즈 2,서양음악(클래식),current_season,True,False,False,True
WrYGA6GTVGI,"라벨, 다프니스와 클로에 모음곡 2번  | M. Ravel, Daphnis et Chloé Suite No. 2 | 다비트 라일란트",라벨 #라발스 #다프니스와클로에 #다프니스와클로에모음곡 #국립심포니오케스트라 #국립심포니 국립심포니오케스트라 제257회 ...,UCoMo9mcWR5f_pPjdbacLaIw,국립심포니오케스트라,49800,833,2025-11-24T09:00:50Z,1022,general,4189,86,6,https://www.youtube.com/watch?v=WrYGA6GTVGI,PF269429,국립심포니오케스트라 실내악 시리즈 2,서양음악(클래식),current_season,True,False,False,True
bEcz4lTvoek,"즐거운하루, #국립심포니오케스트라 #예술의전당 #오케스트라",,UCd78B3NsurxvvVrm1-3vRDg,그런지,389,686,2023-05-08T13:12:04Z,16,shorts,477,13,0,https://www.youtube.com/watch?v=bEcz4lTvoek,PF269429,국립심포니오케스트라 실내악 시리즈 2,서양음악(클래식),current_season,True,False,True,False
qbM58p2FEuI,국립심포니오케스트라와 함께하는 안동문화예술의전당 2026신년음악회 ,새해 첫 문을 여는 안동문화예술의전당 2026 신년음악회. ✨대한민국 국가대표 오케스트라 국립심포니오케스트라 ✨한국 음악계를 ...,UC6BTl-LJJzaPeb4EKOQ4mcQ,안동문화예술의전당,1110,354,2026-01-08T01:32:56Z,40,shorts,269,0,0,https://www.youtube.com/watch?v=qbM58p2FEuI,PF269429,국립심포니오케스트라 실내악 시리즈 2,서양음악(클래식),current_season,True,False,True,True
WXL_kXObK0Q,#봄날의곰 #커밍순 #부산해운대문화회관 #10월12일,,UCHcuSW7mlwXxRAPfpwJYZ-g,으랏차차TV,347,241,2024-10-02T15:34:39Z,11,shorts,151,5,0,https://www.youtube.com/watch?v=WXL_kXObK0Q,PF248715,봄날의 곰 [부산],뮤지컬,current_season,True,False,True,True
UUXgBsHLGW8,해운대에서 댄스파리~ feat. 봄날의곰,,UCHcuSW7mlwXxRAPfpwJYZ-g,으랏차차TV,347,241,2024-10-20T07:54:30Z,54,shorts,557,6,0,https://www.youtube.com/watch?v=UUXgBsHLGW8,PF248715,봄날의 곰 [부산],뮤지컬,current_season,True,False,False,True
RxHE3yub3Mw,사무엘(Spain) y 봄날의곰(LY댄스) 살사 싱가포르 SBTS 2024,사무엘(Spain) y 봄날의곰(LY댄스) 살사소셜 Singapore SBTS 페스티벌 2024. 08. 08~ 08. 11. Samuel (Spain) y Soo (korea) salsa ...,UCUu1Trfd5JT_s5i_5iwTCIg,라르고LargoTV,1470,186,2024-08-21T07:18:02Z,218,general,170,3,0,https://www.youtube.com/watch?v=RxHE3yub3Mw,PF248715,봄날의 곰 [부산],뮤지컬,current_season,True,False,False,True
mz3Vca2_aVM,봄날의 곰 공연준비 췍!!! #해운대문화회관 #영천시민회관 #봄날의곰,,UCHcuSW7mlwXxRAPfpwJYZ-g,으랏차차TV,347,241,2024-10-16T04:19:01Z,6,shorts,802,8,2,https://www.youtube.com/watch?v=mz3Vca2_aVM,PF248715,봄날의 곰 [부산],뮤지컬,current_season,True,False,True,True
NFudk9Mkt3E,#봄날의곰 #지방투어시작 #해운대문화회관 #영천시민회관,,UCHcuSW7mlwXxRAPfpwJYZ-g,으랏차차TV,347,241,2024-10-08T23:06:55Z,38,shorts,348,5,0,https://www.youtube.com/watch?v=NFudk9Mkt3E,PF248715,봄날의 곰 [부산],뮤지컬,current_season,True,False,True,True
Sc45ZsuWe_I,파이팅 외치기가 이렇게 힘든거였나? #눈치게임 #손모아 #파이팅 #으랏차차 #봄날의곰 #해운대문화회관 10/12 #영천시민회관 10/26,,UCHcuSW7mlwXxRAPfpwJYZ-g,으랏차차TV,347,241,2024-10-16T04:22:01Z,20,shorts,157,4,0,https://www.youtube.com/watch?v=Sc45ZsuWe_I,PF248715,봄날의 곰 [부산],뮤지컬,current_season,True,False,True,True
vRtSMC3jxG0,"P. Tchaikovsky | Symphony No.2 in c minor, Op.17 | 예술의전당 | 교향악축제 | 금난새 | 성남시립교향악단 | 차이코프스키","2023년 6월 13일 화요일 오후 7시 30분 예술의전당 콘서트홀 Tue. Jun. 13, 2023 at 07:30 P.M. Concert Hall, Seoul Arts Center ...",UCBvDRQETp01JUOVHaumO08Q,예술의전당 Concert,66700,1085,2024-03-14T04:15:01Z,2168,general,6508,83,2,https://www.youtube.com/watch?v=vRtSMC3jxG0,PF233768,성남시립교향악단 정기연주회 시즌권,서양음악(클래식),current_season,True,False,False,True
bl8WQqh7P2E,2025년 3월 28일 과천소년소녀합창단 하모니시리즈 1 &quot;노래가세상이라면&quot; 2부,"2025년 3월 28일 과천소년소녀합창단 하모니시리즈 1 ""노래가세상이라면"" 2부.",UCBnt2IduK-q1Apuw0K7BLxg,이지은,158,15,2025-04-23T05:32:07Z,2813,general,490,4,0,https://www.youtube.com/watch?v=bl8WQqh7P2E,PF259813,"과천시립소년소녀합창단 하모니시리즈 1, 노래가 세상이라면",서양음악(클래식),current_season,True,True,False,True
q4JmLlttaac,2025.3.22 하모니시리즈 1 과천소년소녀합창단 &quot;노래가세상이라면&quot; 1부,"2025.3.22 하모니시리즈 1 과천소년소녀합창단 ""노래가세상이라면"" 1부.",UCBnt2IduK-q1Apuw0K7BLxg,이지은,158,15,2025-04-23T05:32:02Z,2187,general,366,11,0,https://www.youtube.com/watch?v=q4JmLlttaac,PF259813,"과천시립소년소녀합창단 하모니시리즈 1, 노래가 세상이라면",서양음악(클래식),current_season,True,True,False,True
y83Zffv7wSo,[CORIZON IS GOING] Break out and fly #2 - 20241123 목포 -,"2022년 겨울, 서울에서 선보였던 'Break out and fly #2'의 무대가 목포문화예술회관에서 11월23일 토요일 5시 펼쳐집니다         ...",UCPIa4xC2lQnF1akChu3lCrw,국악관현악단 코라이즌 CORIZON,1900,132,2024-11-18T03:47:32Z,50,shorts,317,19,12,https://www.youtube.com/watch?v=y83Zffv7wSo,PF252640,국악 관현악 콘서트: Break out and fly #2 [목포],한국음악(국악),current_season,True,True,True,True
DS98cjRWcOE,[CORIZON IS GOING] Break out and fly #2 - 20240928 완주 -,"2022년 겨울, 서울에서 선보였던 'Break out and fly #2'의 무대가 완주향토문화예술회관에서 9월28일 토요일 5시 펼쳐 ...",UCPIa4xC2lQnF1akChu3lCrw,국악관현악단 코라이즌 CORIZON,1900,132,2024-09-23T04:42:16Z,50,shorts,177,14,0,https://www.youtube.com/watch?v=DS98cjRWcOE,PF252640,국악 관현악 콘서트: Break out and fly #2 [목포],한국음악(국악),current_season,True,True,False,True
1ue0wZGJRfw,"문예회관, ‘예술의전당’으로…오페라하우스도 추진 / KBS  2023.06.06.",[앵커] 광주 시민들의 문화 예술 향유에 큰 역할을 했던 광주 문화예술회관이 32년 만에 '광주 예술의전당'으로 재탄생했습니다.,UCLqL_rpuTp1bIe5YuHjbufA,KBS NEWS 광주전남,99000,21077,2023-06-06T13:18:49Z,132,general,890,5,4,https://www.youtube.com/watch?v=1ue0wZGJRfw,PF276548,광주예술의전당 발레교실 작품발표회,무용(서양/한국무용),current_season,True,False,True,False
58xkwobq3Rw,(9/16-9/18) 명상 체험 공연 〈관조觀.照. - 나를 비추어 보다〉,"명상가의 안내로 깨어나는 감각, 소리와 고요 사이. 그 안에서 진짜 나를 만납니다. - 명상 체험 공연 〈관조觀.照. - 나를 비추어 보다〉 ...",UCmN4xFSlmWw-_d2riM-ep0A,국립국악원 National Gugak Center,72800,3578,2025-08-27T08:29:59Z,16,shorts,2718,19,0,https://www.youtube.com/watch?v=58xkwobq3Rw,PF271502,관.조. (觀.照.) : 나를 비추어 보다,한국음악(국악),current_season,True,False,False,True
fi7Q6h--3V8,광주시립소년소녀합창단 제146회 정기연주회 &#39;새로운여정: 하모니의 시작&#39; 연습현장 방문 [#광주예술의전당][시민기자단 3기],광주예술의전당 시민기자단 3기 문주헌 #광주예술의전당 #광주소년소녀합창단 #정기공연 #오준혁 #취임연주회 #소극장 #합창 ...,UC02x5SS_0-45ZZ13ROGsdtQ,광주예술의전당 Gwangju Arts Center,4420,787,2025-12-04T08:24:33Z,185,general,306,9,0,https://www.youtube.com/watch?v=fi7Q6h--3V8,PF279051,제146회 광주시립소년소녀합창단 정기공연: 새로운 여정: 하모니의 시작,서양음악(클래식),current_season,True,False,True,True
Ymju78UKsow,"안동시립합창단 제 31회 정기연주회 - 안동의 봄, 리듬으로 피어나다🌸","봄의 시작을 알리는 따뜻한 하모니 안동시립합창단 제31회 정기연주회 '안동의 봄, 리듬으로 피어나다' 다가오는 봄, 합창으로 ...",UC6BTl-LJJzaPeb4EKOQ4mcQ,안동문화예술의전당,1110,354,2026-03-06T02:46:08Z,25,shorts,134,0,0,https://www.youtube.com/watch?v=Ymju78UKsow,PF285310,"제31회 안동시립합창단 정기연주회: 안동의 봄, 리듬으로 피어나다",서양음악(클래식),current_season,True,False,False,True
Gvw9lXULymo,경계:모든 경계는 넘어서다 (발로 댄스컴퍼니) 전주 ver.,dance #전주공연 #무용공연 #발로댄스 #경계 #현대무용 #스트릿 #전주한옥마을 #한벽문화관.,UCZUHL3vy-Ew7SKMBPIZuQ2A,VALO DANCE,15,26,2025-07-27T18:06:46Z,45,shorts,173,2,0,https://www.youtube.com/watch?v=Gvw9lXULymo,PF269463,경계: 모든 경계는 넘어서다 [전주],무용(서양/한국무용),current_season,True,False,False,True
K8FflM3erzY,251115 토요상설공연 “국립남도국악원 국악연주단 ‘국악의 향연’”,"251115 토요상설공연 “국립남도국악원 국악연주단 '국악의 향연'” 가을의 끝자락, 우리 소리로 물드는 시간 울긋불긋 단풍이 물드는 ...",UCu8ouZak6oQcgDHlcQ0kjrw,국립남도국악원,6560,425,2025-12-27T06:00:06Z,3729,general,1535,41,3,https://www.youtube.com/watch?v=K8FflM3erzY,PF285007,"국립남도국악원 토요상설: 국악이 좋다, 국립남도국악원 국악연주단: 국악의 향연",한국음악(국악),current_season,True,True,True,True
e1Gh5yOB9Us,250830 토요상설공연 “국립남도국악원 국악연주단 ‘국악의 향연’”,250830 토요상설공연 “국립남도국악원 국악연주단 '국악의 향연'” 2025 토요상설공연 “국악이 좋다!” 국립남도국악원 국악연주단의 ...,UCu8ouZak6oQcgDHlcQ0kjrw,국립남도국악원,6560,425,2025-10-25T06:00:06Z,4724,general,1674,37,0,https://www.youtube.com/watch?v=e1Gh5yOB9Us,PF285007,"국립남도국악원 토요상설: 국악이 좋다, 국립남도국악원 국악연주단: 국악의 향연",한국음악(국악),current_season,True,True,True,False
TwhEqcz6kt8,251227 토요상설공연 “국립남도국악원 국악연주단 ‘국악의 향연’”,"251227 토요상설공연 “국립남도국악원 국악연주단 '국악의 향연'” 지금까지 연말에 이만한 무대는 없었다―! 국악 한 판, 그리고 새해 ...",UCu8ouZak6oQcgDHlcQ0kjrw,국립남도국악원,6560,425,2026-01-31T06:00:06Z,5725,general,1869,52,3,https://www.youtube.com/watch?v=TwhEqcz6kt8,PF285007,"국립남도국악원 토요상설: 국악이 좋다, 국립남도국악원 국악연주단: 국악의 향연",한국음악(국악),current_season,True,True,True,True
NY1HxP04O-Y,국립남도국악원 금요국악공감: 국악의 향연[2020.07.24.],"국립남도국악원 7월 셋째 주 금요국악공감은 국립남도국악원 국악연주단 “국악의 향연” 입니다. 경상도 지역의 민요 '상주함창, 쾌지나 ...",UCu8ouZak6oQcgDHlcQ0kjrw,국립남도국악원,6560,425,2020-07-24T10:00:08Z,2912,general,1891,38,13,https://www.youtube.com/watch?v=NY1HxP04O-Y,PF285007,"국립남도국악원 토요상설: 국악이 좋다, 국립남도국악원 국악연주단: 국악의 향연",한국음악(국악),current_season,True,True,True,False
Lq_jWW6XePc,251018 토요상설공연 “국립남도국악원 국악연주단 ‘국악의 향연’”,"251018 토요상설공연 “국립남도국악원 국악연주단 '국악의 향연'” 가을 국악 여행, 같이 갈까요? 전통의 선율이 흐르는 토요일 오후 ...",UCu8ouZak6oQcgDHlcQ0kjrw,국립남도국악원,6560,425,2025-12-10T10:00:06Z,4252,general,1092,29,1,https://www.youtube.com/watch?v=Lq_jWW6XePc,PF285007,"국립남도국악원 토요상설: 국악이 좋다, 국립남도국악원 국악연주단: 국악의 향연",한국음악(국악),current_season,True,True,True,False
cBtvgKqgVK0,260404 토요상설공연 “국립남도국악원 국악연주단 - 국악의 향연”,260404 토요상설공연 “국립남도국악원 국악연주단 - 국악의 향연” ○ 공연 순서 01 합주 '푸살' 00:00:05 02 판소리 홍보가 중 '집터 ...,UCu8ouZak6oQcgDHlcQ0kjrw,국립남도국악원,6560,425,2026-06-06T06:00:06Z,3971,general,367,19,1,https://www.youtube.com/watch?v=cBtvgKqgVK0,PF285007,"국립남도국악원 토요상설: 국악이 좋다, 국립남도국악원 국악연주단: 국악의 향연",한국음악(국악),current_season,True,False,True,True
5RyJ_-7LdC4,260307 토요상설공연 “국립남도국악원 국악연주단 - 해설이 있는 국악의 향연”,260307 토요상설공연 “국립남도국악원 국악연주단 - 해설이 있는 국악의 향연” ○ 공연 순서 01 합주 '천년만세' 00:03:35 02 무용 ...,UCu8ouZak6oQcgDHlcQ0kjrw,국립남도국악원,6560,425,2026-05-09T06:00:06Z,3925,general,453,16,3,https://www.youtube.com/watch?v=5RyJ_-7LdC4,PF285007,"국립남도국악원 토요상설: 국악이 좋다, 국립남도국악원 국악연주단: 국악의 향연",한국음악(국악),current_season,True,False,True,True
LnTLCYohWW0,국립남도국악원 국악의 향연 11월 4차례 공연[목포MBC 뉴스투데이],[목포MBC 뉴스] 국립남도국악원은 11월 4일 '절개를 굽히지 않은 황국단풍은 어떠한가'를 국악 연주단이 공연하는 것을 시작으로 11 ...,UC2fNt6XqBzBhvty-vmITXXA,목포MBC뉴스,158000,52191,2023-11-01T23:02:41Z,32,shorts,66,2,0,https://www.youtube.com/watch?v=LnTLCYohWW0,PF285007,"국립남도국악원 토요상설: 국악이 좋다, 국립남도국악원 국악연주단: 국악의 향연",한국음악(국악),current_season,True,False,True,False
JUDEFqpe7es,260321 토요상설공연 “국립남도국악원 국악연주단 - 국악의 향연”,260321 토요상설공연 “국립남도국악원 국악연주단 - 국악의 향연” ○ 공연 순서 01 합주 '대취타' 00:00:05 02 판소리 입체창 춘향가 ...,UCu8ouZak6oQcgDHlcQ0kjrw,국립남도국악원,6560,425,2026-05-23T06:00:06Z,4189,general,570,19,3,https://www.youtube.com/watch?v=JUDEFqpe7es,PF285007,"국립남도국악원 토요상설: 국악이 좋다, 국립남도국악원 국악연주단: 국악의 향연",한국음악(국악),current_season,True,False,True,True
2s24N4dmOAg,[문화n공감] [문화 인사이드] - 국립민속국악원 &#39;소리판 완창무대&#39;,"일상에 문화를 더하다 [문화n공감]은 매주 월요일 오전 11시, 국악방송 TV에서 시청하실 수 있습니다. 일상에 문화를 더하다 [문화n ...",UCaBwNyKKjDaYIzS8dhyaXBA,국악방송 TV (Gugak Broadcasting System: TV),97000,6767,2024-07-02T09:00:03Z,472,general,377,11,0,https://www.youtube.com/watch?v=2s24N4dmOAg,PF262558,완창무대: 소리 판,한국음악(국악),current_season,True,False,True,False
mg8TCWDdjQY,2024 판소리마당 &#39;소리 판&#39; 완창무대 하일라이트 4부: 강산제 심청가(심봉사 눈 뜨는 대목),심청가 #판소리 #국악 공연일: 2024년 7월 13일 토요일 오후 3시 장소: 국립민속국악원 예음헌 소리꾼: 김명숙 (강산제 ...,UC54URObwDvE1nIEiVjaGu-A,국립민속국악원,5380,407,2024-12-12T09:04:05Z,395,general,1875,16,0,https://www.youtube.com/watch?v=mg8TCWDdjQY,PF262558,완창무대: 소리 판,한국음악(국악),current_season,True,False,True,False
Tx3RbsBaSMI,2024 판소리마당 &#39;소리 판&#39; 완창무대 하일라이트 1부: 동초제 춘향가,"공연일: 2024년 3월 9일 장소: 국립민속국악원 예음헌 소리꾼: 조희정 (동초제 춘향가 완창) 고수: 조용수, 조용복 #판소리 ...",UC54URObwDvE1nIEiVjaGu-A,국립민속국악원,5380,407,2024-09-17T09:13:16Z,73,general,433,7,0,https://www.youtube.com/watch?v=Tx3RbsBaSMI,PF262558,완창무대: 소리 판,한국음악(국악),current_season,True,False,True,False
deYDFUK-PwI,2024 판소리마당 &#39;소리 판&#39; 완창무대 하일라이트 2부: 박봉술제 적벽가(조자룡 활 쏘는 대목),적벽가 #판소리 #국악 공연일: 2024년 4월 13일 토요일 오후 3시 장소: 국립민속국악원 예음헌 소리꾼: 고준석 (박봉술제 ...,UC54URObwDvE1nIEiVjaGu-A,국립민속국악원,5380,407,2024-10-23T08:17:32Z,149,general,322,11,0,https://www.youtube.com/watch?v=deYDFUK-PwI,PF262558,완창무대: 소리 판,한국음악(국악),current_season,True,False,True,False
1RiotUibjcA,2024 판소리마당 &#39;소리 판&#39; 완창무대 하일라이트 3부: 박록주제 흥보가(흥보 박 타는 대목),흥보가 #판소리 #국악 공연일: 2024년 5월 11일 토요일 오후 3시 장소: 국립민속국악원 예음헌 소리꾼: 김명남 (박록주제 ...,UC54URObwDvE1nIEiVjaGu-A,국립민속국악원,5380,407,2024-11-19T10:13:47Z,205,general,182,2,0,https://www.youtube.com/watch?v=1RiotUibjcA,PF262558,완창무대: 소리 판,한국음악(국악),current_season,True,False,True,False
SgjajBV6Few,대전시립교향악단 2025 &#39;DPO 클로즈업 1&#39; ( 리더 / 첼로 임재성) 커튼콜,,UCtDmXryAxVFE603l5swe09Q,행복미소,136,256,2025-03-28T13:30:53Z,14,shorts,2081,13,1,https://www.youtube.com/watch?v=SgjajBV6Few,PF259940,"대전시립교향악단, DPO 클로즈업 1",서양음악(클래식),current_season,True,False,False,True
