returncode,errmsg,responsetime,_query_date
01,INVALID REQUEST PARAMETER ERROR,2026-09-27 15:29:03,20230901
01,INVALID REQUEST PARAMETER ERROR,2026-09-27 15:29:12,20231001
01,INVALID REQUEST PARAMETER ERROR,2026-09-27 15:29:20,20231101
01,INVALID REQUEST PARAMETER ERROR,2026-09-27 15:29:28,20231201
01,INVALID REQUEST PARAMETER ERROR,2026-09-27 15:29:35,20240101
01,INVALID REQUEST PARAMETER ERROR,2026-09-27 15:29:41,20240201
01,INVALID REQUEST PARAMETER ERROR,2026-09-27 15:29:47,20240301
01,INVALID REQUEST PARAMETER ERROR,2026-09-27 15:29:52,20240401
01,INVALID REQUEST PARAMETER ERROR,2026-09-27 15:29:57,20240501
01,INVALID REQUEST PARAMETER ERROR,2026-09-27 15:30:03,20240601
01,INVALID REQUEST PARAMETER ERROR,2026-09-27 15:30:08,20240701
01,INVALID REQUEST PARAMETER ERROR,2026-09-27 15:30:31,20240801
01,INVALID REQUEST PARAMETER ERROR,2026-09-27 15:31:32,20241001
01,INVALID REQUEST PARAMETER ERROR,2026-09-27 15:32:03,20241101
01,INVALID REQUEST PARAMETER ERROR,2026-09-27 15:32:45,20241201
01,INVALID REQUEST PARAMETER ERROR,2026-09-27 15:33:10,20250101
01,INVALID REQUEST PARAMETER ERROR,2026-09-27 15:33:37,20250201
01,INVALID REQUEST PARAMETER ERROR,2026-09-27 15:34:08,20250301
01,INVALID REQUEST PARAMETER ERROR,2026-09-27 15:34:38,20250401
01,INVALID REQUEST PARAMETER ERROR,2026-09-27 15:35:08,20250501
01,INVALID REQUEST PARAMETER ERROR,2026-09-27 15:36:14,20250701
01,INVALID REQUEST PARAMETER ERROR,2026-09-27 15:36:52,20250801
01,INVALID REQUEST PARAMETER ERROR,2026-09-27 15:37:07,20250901
01,INVALID REQUEST PARAMETER ERROR,2026-09-27 15:37:36,20251001
01,INVALID REQUEST PARAMETER ERROR,2026-09-27 15:38:07,20251101
01,INVALID REQUEST PARAMETER ERROR,2026-09-27 15:38:33,20251201
01,INVALID REQUEST PARAMETER ERROR,2026-09-27 15:39:03,20260101
01,INVALID REQUEST PARAMETER ERROR,2026-09-27 15:39:36,20260201
01,INVALID REQUEST PARAMETER ERROR,2026-09-27 15:40:08,20260301
01,INVALID REQUEST PARAMETER ERROR,2026-09-27 15:40:30,20260401
01,INVALID REQUEST PARAMETER ERROR,2026-09-27 15:41:04,20260501
01,INVALID REQUEST PARAMETER ERROR,2026-09-27 15:41:40,20260601
01,INVALID REQUEST PARAMETER ERROR,2026-09-27 15:42:12,20260701
01,INVALID REQUEST PARAMETER ERROR,2026-09-27 15:42:48,20260801
01,INVALID REQUEST PARAMETER ERROR,2026-09-27 15:43:16,20260901
