returncode,errmsg,responsetime,_query_date,genre_code,genre_name
01,INVALID REQUEST PARAMETER ERROR,2026-09-27 15:29:04,20230901,AAAA,연극
01,INVALID REQUEST PARAMETER ERROR,2026-09-27 15:29:05,20230901,BBBC,뮤지컬
01,INVALID REQUEST PARAMETER ERROR,2026-09-27 15:29:06,20230901,BBBD,오페라
01,INVALID REQUEST PARAMETER ERROR,2026-09-27 15:29:07,20230901,BBBE,클래식
01,INVALID REQUEST PARAMETER ERROR,2026-09-27 15:29:08,20230901,BBBF,무용
01,INVALID REQUEST PARAMETER ERROR,2026-09-27 15:29:09,20230901,BBGG,국악
01,INVALID REQUEST PARAMETER ERROR,2026-09-27 15:29:09,20230901,EEEA,서커스/마술
01,INVALID REQUEST PARAMETER ERROR,2026-09-27 15:29:13,20231001,AAAA,연극
01,INVALID REQUEST PARAMETER ERROR,2026-09-27 15:29:13,20231001,BBBC,뮤지컬
01,INVALID REQUEST PARAMETER ERROR,2026-09-27 15:29:15,20231001,BBBD,오페라
01,INVALID REQUEST PARAMETER ERROR,2026-09-27 15:29:16,20231001,BBBE,클래식
01,INVALID REQUEST PARAMETER ERROR,2026-09-27 15:29:16,20231001,BBBF,무용
01,INVALID REQUEST PARAMETER ERROR,2026-09-27 15:29:17,20231001,BBGG,국악
01,INVALID REQUEST PARAMETER ERROR,2026-09-27 15:29:18,20231001,EEEA,서커스/마술
01,INVALID REQUEST PARAMETER ERROR,2026-09-27 15:29:21,20231101,AAAA,연극
01,INVALID REQUEST PARAMETER ERROR,2026-09-27 15:29:22,20231101,BBBC,뮤지컬
01,INVALID REQUEST PARAMETER ERROR,2026-09-27 15:29:23,20231101,BBBD,오페라
01,INVALID REQUEST PARAMETER ERROR,2026-09-27 15:29:23,20231101,BBBE,클래식
01,INVALID REQUEST PARAMETER ERROR,2026-09-27 15:29:24,20231101,BBBF,무용
01,INVALID REQUEST PARAMETER ERROR,2026-09-27 15:29:25,20231101,BBGG,국악
01,INVALID REQUEST PARAMETER ERROR,2026-09-27 15:29:25,20231101,EEEA,서커스/마술
01,INVALID REQUEST PARAMETER ERROR,2026-09-27 15:29:28,20231201,AAAA,연극
01,INVALID REQUEST PARAMETER ERROR,2026-09-27 15:29:29,20231201,BBBC,뮤지컬
01,INVALID REQUEST PARAMETER ERROR,2026-09-27 15:29:29,20231201,BBBD,오페라
01,INVALID REQUEST PARAMETER ERROR,2026-09-27 15:29:30,20231201,BBBE,클래식
01,INVALID REQUEST PARAMETER ERROR,2026-09-27 15:29:30,20231201,BBBF,무용
01,INVALID REQUEST PARAMETER ERROR,2026-09-27 15:29:32,20231201,BBGG,국악
01,INVALID REQUEST PARAMETER ERROR,2026-09-27 15:29:33,20231201,EEEA,서커스/마술
01,INVALID REQUEST PARAMETER ERROR,2026-09-27 15:29:35,20240101,AAAA,연극
01,INVALID REQUEST PARAMETER ERROR,2026-09-27 15:29:37,20240101,BBBC,뮤지컬
01,INVALID REQUEST PARAMETER ERROR,2026-09-27 15:29:37,20240101,BBBD,오페라
01,INVALID REQUEST PARAMETER ERROR,2026-09-27 15:29:37,20240101,BBBE,클래식
01,INVALID REQUEST PARAMETER ERROR,2026-09-27 15:29:38,20240101,BBBF,무용
01,INVALID REQUEST PARAMETER ERROR,2026-09-27 15:29:38,20240101,BBGG,국악
01,INVALID REQUEST PARAMETER ERROR,2026-09-27 15:29:40,20240101,EEEA,서커스/마술
01,INVALID REQUEST PARAMETER ERROR,2026-09-27 15:29:42,20240201,AAAA,연극
01,INVALID REQUEST PARAMETER ERROR,2026-09-27 15:29:42,20240201,BBBC,뮤지컬
01,INVALID REQUEST PARAMETER ERROR,2026-09-27 15:29:43,20240201,BBBD,오페라
01,INVALID REQUEST PARAMETER ERROR,2026-09-27 15:29:43,20240201,BBBE,클래식
01,INVALID REQUEST PARAMETER ERROR,2026-09-27 15:29:44,20240201,BBBF,무용
01,INVALID REQUEST PARAMETER ERROR,2026-09-27 15:29:44,20240201,BBGG,국악
01,INVALID REQUEST PARAMETER ERROR,2026-09-27 15:29:45,20240201,EEEA,서커스/마술
01,INVALID REQUEST PARAMETER ERROR,2026-09-27 15:29:47,20240301,AAAA,연극
01,INVALID REQUEST PARAMETER ERROR,2026-09-27 15:29:48,20240301,BBBC,뮤지컬
01,INVALID REQUEST PARAMETER ERROR,2026-09-27 15:29:48,20240301,BBBD,오페라
01,INVALID REQUEST PARAMETER ERROR,2026-09-27 15:29:49,20240301,BBBE,클래식
01,INVALID REQUEST PARAMETER ERROR,2026-09-27 15:29:49,20240301,BBBF,무용
01,INVALID REQUEST PARAMETER ERROR,2026-09-27 15:29:50,20240301,BBGG,국악
01,INVALID REQUEST PARAMETER ERROR,2026-09-27 15:29:50,20240301,EEEA,서커스/마술
01,INVALID REQUEST PARAMETER ERROR,2026-09-27 15:29:52,20240401,AAAA,연극
01,INVALID REQUEST PARAMETER ERROR,2026-09-27 15:29:53,20240401,BBBC,뮤지컬
01,INVALID REQUEST PARAMETER ERROR,2026-09-27 15:29:53,20240401,BBBD,오페라
01,INVALID REQUEST PARAMETER ERROR,2026-09-27 15:29:54,20240401,BBBE,클래식
01,INVALID REQUEST PARAMETER ERROR,2026-09-27 15:29:54,20240401,BBBF,무용
01,INVALID REQUEST PARAMETER ERROR,2026-09-27 15:29:55,20240401,BBGG,국악
01,INVALID REQUEST PARAMETER ERROR,2026-09-27 15:29:55,20240401,EEEA,서커스/마술
01,INVALID REQUEST PARAMETER ERROR,2026-09-27 15:29:58,20240501,AAAA,연극
01,INVALID REQUEST PARAMETER ERROR,2026-09-27 15:29:58,20240501,BBBC,뮤지컬
01,INVALID REQUEST PARAMETER ERROR,2026-09-27 15:29:59,20240501,BBBD,오페라
01,INVALID REQUEST PARAMETER ERROR,2026-09-27 15:29:59,20240501,BBBE,클래식
01,INVALID REQUEST PARAMETER ERROR,2026-09-27 15:30:00,20240501,BBBF,무용
01,INVALID REQUEST PARAMETER ERROR,2026-09-27 15:30:00,20240501,BBGG,국악
01,INVALID REQUEST PARAMETER ERROR,2026-09-27 15:30:01,20240501,EEEA,서커스/마술
01,INVALID REQUEST PARAMETER ERROR,2026-09-27 15:30:03,20240601,AAAA,연극
01,INVALID REQUEST PARAMETER ERROR,2026-09-27 15:30:04,20240601,BBBC,뮤지컬
01,INVALID REQUEST PARAMETER ERROR,2026-09-27 15:30:04,20240601,BBBD,오페라
01,INVALID REQUEST PARAMETER ERROR,2026-09-27 15:30:05,20240601,BBBE,클래식
01,INVALID REQUEST PARAMETER ERROR,2026-09-27 15:30:05,20240601,BBBF,무용
01,INVALID REQUEST PARAMETER ERROR,2026-09-27 15:30:06,20240601,BBGG,국악
01,INVALID REQUEST PARAMETER ERROR,2026-09-27 15:30:06,20240601,EEEA,서커스/마술
01,INVALID REQUEST PARAMETER ERROR,2026-09-27 15:30:08,20240701,AAAA,연극
01,INVALID REQUEST PARAMETER ERROR,2026-09-27 15:30:09,20240701,BBBC,뮤지컬
01,INVALID REQUEST PARAMETER ERROR,2026-09-27 15:30:09,20240701,BBBD,오페라
01,INVALID REQUEST PARAMETER ERROR,2026-09-27 15:30:15,20240701,BBBE,클래식
01,INVALID REQUEST PARAMETER ERROR,2026-09-27 15:30:21,20240701,BBBF,무용
01,INVALID REQUEST PARAMETER ERROR,2026-09-27 15:30:21,20240701,BBGG,국악
01,INVALID REQUEST PARAMETER ERROR,2026-09-27 15:30:26,20240701,EEEA,서커스/마술
01,INVALID REQUEST PARAMETER ERROR,2026-09-27 15:30:31,20240801,AAAA,연극
01,INVALID REQUEST PARAMETER ERROR,2026-09-27 15:30:31,20240801,BBBC,뮤지컬
01,INVALID REQUEST PARAMETER ERROR,2026-09-27 15:30:32,20240801,BBBD,오페라
01,INVALID REQUEST PARAMETER ERROR,2026-09-27 15:30:36,20240801,BBBE,클래식
01,INVALID REQUEST PARAMETER ERROR,2026-09-27 15:30:36,20240801,BBBF,무용
01,INVALID REQUEST PARAMETER ERROR,2026-09-27 15:30:38,20240801,BBGG,국악
01,INVALID REQUEST PARAMETER ERROR,2026-09-27 15:30:38,20240801,EEEA,서커스/마술
01,INVALID REQUEST PARAMETER ERROR,2026-09-27 15:30:51,20240901,AAAA,연극
01,INVALID REQUEST PARAMETER ERROR,2026-09-27 15:31:08,20240901,BBBD,오페라
01,INVALID REQUEST PARAMETER ERROR,2026-09-27 15:31:14,20240901,BBBE,클래식
01,INVALID REQUEST PARAMETER ERROR,2026-09-27 15:31:21,20240901,BBBF,무용
01,INVALID REQUEST PARAMETER ERROR,2026-09-27 15:31:22,20240901,BBGG,국악
01,INVALID REQUEST PARAMETER ERROR,2026-09-27 15:31:22,20240901,EEEA,서커스/마술
01,INVALID REQUEST PARAMETER ERROR,2026-09-27 15:31:35,20241001,AAAA,연극
01,INVALID REQUEST PARAMETER ERROR,2026-09-27 15:31:37,20241001,BBBC,뮤지컬
01,INVALID REQUEST PARAMETER ERROR,2026-09-27 15:31:38,20241001,BBBD,오페라
01,INVALID REQUEST PARAMETER ERROR,2026-09-27 15:31:40,20241001,BBBE,클래식
01,INVALID REQUEST PARAMETER ERROR,2026-09-27 15:31:46,20241001,BBBF,무용
01,INVALID REQUEST PARAMETER ERROR,2026-09-27 15:31:49,20241001,BBGG,국악
01,INVALID REQUEST PARAMETER ERROR,2026-09-27 15:31:52,20241001,EEEA,서커스/마술
01,INVALID REQUEST PARAMETER ERROR,2026-09-27 15:32:09,20241101,AAAA,연극
01,INVALID REQUEST PARAMETER ERROR,2026-09-27 15:32:15,20241101,BBBC,뮤지컬
01,INVALID REQUEST PARAMETER ERROR,2026-09-27 15:32:17,20241101,BBBD,오페라
01,INVALID REQUEST PARAMETER ERROR,2026-09-27 15:32:23,20241101,BBBE,클래식
01,INVALID REQUEST PARAMETER ERROR,2026-09-27 15:32:26,20241101,BBBF,무용
01,INVALID REQUEST PARAMETER ERROR,2026-09-27 15:32:28,20241101,BBGG,국악
01,INVALID REQUEST PARAMETER ERROR,2026-09-27 15:32:34,20241101,EEEA,서커스/마술
01,INVALID REQUEST PARAMETER ERROR,2026-09-27 15:32:50,20241201,AAAA,연극
01,INVALID REQUEST PARAMETER ERROR,2026-09-27 15:32:56,20241201,BBBC,뮤지컬
01,INVALID REQUEST PARAMETER ERROR,2026-09-27 15:32:59,20241201,BBBD,오페라
01,INVALID REQUEST PARAMETER ERROR,2026-09-27 15:33:02,20241201,BBBE,클래식
01,INVALID REQUEST PARAMETER ERROR,2026-09-27 15:33:07,20241201,BBBF,무용
01,INVALID REQUEST PARAMETER ERROR,2026-09-27 15:33:07,20241201,BBGG,국악
01,INVALID REQUEST PARAMETER ERROR,2026-09-27 15:33:08,20241201,EEEA,서커스/마술
01,INVALID REQUEST PARAMETER ERROR,2026-09-27 15:33:15,20250101,AAAA,연극
01,INVALID REQUEST PARAMETER ERROR,2026-09-27 15:33:18,20250101,BBBC,뮤지컬
01,INVALID REQUEST PARAMETER ERROR,2026-09-27 15:33:23,20250101,BBBD,오페라
01,INVALID REQUEST PARAMETER ERROR,2026-09-27 15:33:26,20250101,BBBE,클래식
01,INVALID REQUEST PARAMETER ERROR,2026-09-27 15:33:29,20250101,BBBF,무용
01,INVALID REQUEST PARAMETER ERROR,2026-09-27 15:33:30,20250101,BBGG,국악
01,INVALID REQUEST PARAMETER ERROR,2026-09-27 15:33:30,20250101,EEEA,서커스/마술
01,INVALID REQUEST PARAMETER ERROR,2026-09-27 15:33:40,20250201,AAAA,연극
01,INVALID REQUEST PARAMETER ERROR,2026-09-27 15:33:42,20250201,BBBC,뮤지컬
01,INVALID REQUEST PARAMETER ERROR,2026-09-27 15:33:48,20250201,BBBD,오페라
01,INVALID REQUEST PARAMETER ERROR,2026-09-27 15:33:48,20250201,BBBE,클래식
01,INVALID REQUEST PARAMETER ERROR,2026-09-27 15:33:51,20250201,BBBF,무용
01,INVALID REQUEST PARAMETER ERROR,2026-09-27 15:33:56,20250201,BBGG,국악
01,INVALID REQUEST PARAMETER ERROR,2026-09-27 15:33:59,20250201,EEEA,서커스/마술
01,INVALID REQUEST PARAMETER ERROR,2026-09-27 15:34:13,20250301,AAAA,연극
01,INVALID REQUEST PARAMETER ERROR,2026-09-27 15:34:14,20250301,BBBC,뮤지컬
01,INVALID REQUEST PARAMETER ERROR,2026-09-27 15:34:17,20250301,BBBD,오페라
01,INVALID REQUEST PARAMETER ERROR,2026-09-27 15:34:22,20250301,BBBE,클래식
01,INVALID REQUEST PARAMETER ERROR,2026-09-27 15:34:22,20250301,BBBF,무용
01,INVALID REQUEST PARAMETER ERROR,2026-09-27 15:34:27,20250301,BBGG,국악
01,INVALID REQUEST PARAMETER ERROR,2026-09-27 15:34:28,20250301,EEEA,서커스/마술
01,INVALID REQUEST PARAMETER ERROR,2026-09-27 15:34:39,20250401,AAAA,연극
01,INVALID REQUEST PARAMETER ERROR,2026-09-27 15:34:40,20250401,BBBC,뮤지컬
01,INVALID REQUEST PARAMETER ERROR,2026-09-27 15:34:53,20250401,BBBE,클래식
01,INVALID REQUEST PARAMETER ERROR,2026-09-27 15:34:54,20250401,BBBF,무용
01,INVALID REQUEST PARAMETER ERROR,2026-09-27 15:34:58,20250401,BBGG,국악
01,INVALID REQUEST PARAMETER ERROR,2026-09-27 15:35:01,20250401,EEEA,서커스/마술
01,INVALID REQUEST PARAMETER ERROR,2026-09-27 15:35:09,20250501,AAAA,연극
01,INVALID REQUEST PARAMETER ERROR,2026-09-27 15:35:10,20250501,BBBC,뮤지컬
01,INVALID REQUEST PARAMETER ERROR,2026-09-27 15:35:11,20250501,BBBD,오페라
01,INVALID REQUEST PARAMETER ERROR,2026-09-27 15:35:11,20250501,BBBE,클래식
01,INVALID REQUEST PARAMETER ERROR,2026-09-27 15:35:17,20250501,BBBF,무용
01,INVALID REQUEST PARAMETER ERROR,2026-09-27 15:35:25,20250501,EEEA,서커스/마술
01,INVALID REQUEST PARAMETER ERROR,2026-09-27 15:35:42,20250601,AAAA,연극
01,INVALID REQUEST PARAMETER ERROR,2026-09-27 15:35:45,20250601,BBBC,뮤지컬
01,INVALID REQUEST PARAMETER ERROR,2026-09-27 15:35:48,20250601,BBBD,오페라
01,INVALID REQUEST PARAMETER ERROR,2026-09-27 15:35:51,20250601,BBBE,클래식
01,INVALID REQUEST PARAMETER ERROR,2026-09-27 15:35:56,20250601,BBBF,무용
01,INVALID REQUEST PARAMETER ERROR,2026-09-27 15:36:02,20250601,BBGG,국악
01,INVALID REQUEST PARAMETER ERROR,2026-09-27 15:36:05,20250601,EEEA,서커스/마술
01,INVALID REQUEST PARAMETER ERROR,2026-09-27 15:36:19,20250701,AAAA,연극
01,INVALID REQUEST PARAMETER ERROR,2026-09-27 15:36:22,20250701,BBBC,뮤지컬
01,INVALID REQUEST PARAMETER ERROR,2026-09-27 15:36:25,20250701,BBBD,오페라
01,INVALID REQUEST PARAMETER ERROR,2026-09-27 15:36:30,20250701,BBBE,클래식
01,INVALID REQUEST PARAMETER ERROR,2026-09-27 15:36:33,20250701,BBBF,무용
01,INVALID REQUEST PARAMETER ERROR,2026-09-27 15:36:36,20250701,BBGG,국악
01,INVALID REQUEST PARAMETER ERROR,2026-09-27 15:36:41,20250701,EEEA,서커스/마술
01,INVALID REQUEST PARAMETER ERROR,2026-09-27 15:36:53,20250801,AAAA,연극
01,INVALID REQUEST PARAMETER ERROR,2026-09-27 15:36:53,20250801,BBBC,뮤지컬
01,INVALID REQUEST PARAMETER ERROR,2026-09-27 15:36:54,20250801,BBBD,오페라
01,INVALID REQUEST PARAMETER ERROR,2026-09-27 15:36:54,20250801,BBBE,클래식
01,INVALID REQUEST PARAMETER ERROR,2026-09-27 15:36:55,20250801,BBBF,무용
01,INVALID REQUEST PARAMETER ERROR,2026-09-27 15:36:55,20250801,BBGG,국악
01,INVALID REQUEST PARAMETER ERROR,2026-09-27 15:36:58,20250801,EEEA,서커스/마술
01,INVALID REQUEST PARAMETER ERROR,2026-09-27 15:37:12,20250901,AAAA,연극
01,INVALID REQUEST PARAMETER ERROR,2026-09-27 15:37:15,20250901,BBBC,뮤지컬
01,INVALID REQUEST PARAMETER ERROR,2026-09-27 15:37:18,20250901,BBBD,오페라
01,INVALID REQUEST PARAMETER ERROR,2026-09-27 15:37:18,20250901,BBBE,클래식
01,INVALID REQUEST PARAMETER ERROR,2026-09-27 15:37:19,20250901,BBBF,무용
01,INVALID REQUEST PARAMETER ERROR,2026-09-27 15:37:24,20250901,BBGG,국악
01,INVALID REQUEST PARAMETER ERROR,2026-09-27 15:37:27,20250901,EEEA,서커스/마술
01,INVALID REQUEST PARAMETER ERROR,2026-09-27 15:37:41,20251001,AAAA,연극
01,INVALID REQUEST PARAMETER ERROR,2026-09-27 15:37:41,20251001,BBBC,뮤지컬
01,INVALID REQUEST PARAMETER ERROR,2026-09-27 15:37:44,20251001,BBBD,오페라
01,INVALID REQUEST PARAMETER ERROR,2026-09-27 15:37:47,20251001,BBBE,클래식
01,INVALID REQUEST PARAMETER ERROR,2026-09-27 15:37:50,20251001,BBBF,무용
01,INVALID REQUEST PARAMETER ERROR,2026-09-27 15:37:53,20251001,BBGG,국악
01,INVALID REQUEST PARAMETER ERROR,2026-09-27 15:37:56,20251001,EEEA,서커스/마술
01,INVALID REQUEST PARAMETER ERROR,2026-09-27 15:38:10,20251101,AAAA,연극
01,INVALID REQUEST PARAMETER ERROR,2026-09-27 15:38:13,20251101,BBBC,뮤지컬
01,INVALID REQUEST PARAMETER ERROR,2026-09-27 15:38:15,20251101,BBBD,오페라
01,INVALID REQUEST PARAMETER ERROR,2026-09-27 15:38:16,20251101,BBBE,클래식
01,INVALID REQUEST PARAMETER ERROR,2026-09-27 15:38:19,20251101,BBBF,무용
01,INVALID REQUEST PARAMETER ERROR,2026-09-27 15:38:24,20251101,BBGG,국악
01,INVALID REQUEST PARAMETER ERROR,2026-09-27 15:38:27,20251101,EEEA,서커스/마술
01,INVALID REQUEST PARAMETER ERROR,2026-09-27 15:38:39,20251201,AAAA,연극
01,INVALID REQUEST PARAMETER ERROR,2026-09-27 15:38:41,20251201,BBBC,뮤지컬
01,INVALID REQUEST PARAMETER ERROR,2026-09-27 15:38:42,20251201,BBBD,오페라
01,INVALID REQUEST PARAMETER ERROR,2026-09-27 15:38:45,20251201,BBBE,클래식
01,INVALID REQUEST PARAMETER ERROR,2026-09-27 15:38:46,20251201,BBBF,무용
01,INVALID REQUEST PARAMETER ERROR,2026-09-27 15:38:47,20251201,BBGG,국악
01,INVALID REQUEST PARAMETER ERROR,2026-09-27 15:39:04,20260101,AAAA,연극
01,INVALID REQUEST PARAMETER ERROR,2026-09-27 15:39:04,20260101,BBBC,뮤지컬
01,INVALID REQUEST PARAMETER ERROR,2026-09-27 15:39:13,20260101,BBBE,클래식
01,INVALID REQUEST PARAMETER ERROR,2026-09-27 15:39:14,20260101,BBBF,무용
01,INVALID REQUEST PARAMETER ERROR,2026-09-27 15:39:19,20260101,BBGG,국악
01,INVALID REQUEST PARAMETER ERROR,2026-09-27 15:39:24,20260101,EEEA,서커스/마술
01,INVALID REQUEST PARAMETER ERROR,2026-09-27 15:39:39,20260201,AAAA,연극
01,INVALID REQUEST PARAMETER ERROR,2026-09-27 15:39:42,20260201,BBBC,뮤지컬
01,INVALID REQUEST PARAMETER ERROR,2026-09-27 15:39:45,20260201,BBBD,오페라
01,INVALID REQUEST PARAMETER ERROR,2026-09-27 15:39:45,20260201,BBBE,클래식
01,INVALID REQUEST PARAMETER ERROR,2026-09-27 15:39:53,20260201,BBGG,국악
01,INVALID REQUEST PARAMETER ERROR,2026-09-27 15:39:56,20260201,EEEA,서커스/마술
01,INVALID REQUEST PARAMETER ERROR,2026-09-27 15:40:10,20260301,AAAA,연극
01,INVALID REQUEST PARAMETER ERROR,2026-09-27 15:40:13,20260301,BBBC,뮤지컬
01,INVALID REQUEST PARAMETER ERROR,2026-09-27 15:40:16,20260301,BBBD,오페라
01,INVALID REQUEST PARAMETER ERROR,2026-09-27 15:40:19,20260301,BBBE,클래식
01,INVALID REQUEST PARAMETER ERROR,2026-09-27 15:40:24,20260301,BBBF,무용
01,INVALID REQUEST PARAMETER ERROR,2026-09-27 15:40:28,20260301,BBGG,국악
01,INVALID REQUEST PARAMETER ERROR,2026-09-27 15:40:28,20260301,EEEA,서커스/마술
01,INVALID REQUEST PARAMETER ERROR,2026-09-27 15:40:36,20260401,AAAA,연극
01,INVALID REQUEST PARAMETER ERROR,2026-09-27 15:40:39,20260401,BBBC,뮤지컬
01,INVALID REQUEST PARAMETER ERROR,2026-09-27 15:40:42,20260401,BBBD,오페라
01,INVALID REQUEST PARAMETER ERROR,2026-09-27 15:40:47,20260401,BBBE,클래식
01,INVALID REQUEST PARAMETER ERROR,2026-09-27 15:40:50,20260401,BBBF,무용
01,INVALID REQUEST PARAMETER ERROR,2026-09-27 15:40:53,20260401,BBGG,국악
01,INVALID REQUEST PARAMETER ERROR,2026-09-27 15:40:55,20260401,EEEA,서커스/마술
01,INVALID REQUEST PARAMETER ERROR,2026-09-27 15:41:09,20260501,AAAA,연극
01,INVALID REQUEST PARAMETER ERROR,2026-09-27 15:41:12,20260501,BBBC,뮤지컬
01,INVALID REQUEST PARAMETER ERROR,2026-09-27 15:41:15,20260501,BBBD,오페라
01,INVALID REQUEST PARAMETER ERROR,2026-09-27 15:41:18,20260501,BBBE,클래식
01,INVALID REQUEST PARAMETER ERROR,2026-09-27 15:41:26,20260501,BBGG,국악
01,INVALID REQUEST PARAMETER ERROR,2026-09-27 15:41:26,20260501,EEEA,서커스/마술
01,INVALID REQUEST PARAMETER ERROR,2026-09-27 15:41:43,20260601,AAAA,연극
01,INVALID REQUEST PARAMETER ERROR,2026-09-27 15:41:46,20260601,BBBC,뮤지컬
01,INVALID REQUEST PARAMETER ERROR,2026-09-27 15:41:49,20260601,BBBD,오페라
01,INVALID REQUEST PARAMETER ERROR,2026-09-27 15:41:52,20260601,BBBE,클래식
01,INVALID REQUEST PARAMETER ERROR,2026-09-27 15:41:55,20260601,BBBF,무용
01,INVALID REQUEST PARAMETER ERROR,2026-09-27 15:41:58,20260601,BBGG,국악
01,INVALID REQUEST PARAMETER ERROR,2026-09-27 15:42:00,20260601,EEEA,서커스/마술
01,INVALID REQUEST PARAMETER ERROR,2026-09-27 15:42:15,20260701,AAAA,연극
01,INVALID REQUEST PARAMETER ERROR,2026-09-27 15:42:17,20260701,BBBC,뮤지컬
01,INVALID REQUEST PARAMETER ERROR,2026-09-27 15:42:20,20260701,BBBD,오페라
01,INVALID REQUEST PARAMETER ERROR,2026-09-27 15:42:23,20260701,BBBE,클래식
01,INVALID REQUEST PARAMETER ERROR,2026-09-27 15:42:28,20260701,BBBF,무용
01,INVALID REQUEST PARAMETER ERROR,2026-09-27 15:42:29,20260701,BBGG,국악
01,INVALID REQUEST PARAMETER ERROR,2026-09-27 15:42:32,20260701,EEEA,서커스/마술
01,INVALID REQUEST PARAMETER ERROR,2026-09-27 15:42:49,20260801,AAAA,연극
01,INVALID REQUEST PARAMETER ERROR,2026-09-27 15:42:52,20260801,BBBC,뮤지컬
01,INVALID REQUEST PARAMETER ERROR,2026-09-27 15:42:58,20260801,BBBD,오페라
01,INVALID REQUEST PARAMETER ERROR,2026-09-27 15:43:01,20260801,BBBE,클래식
01,INVALID REQUEST PARAMETER ERROR,2026-09-27 15:43:03,20260801,BBBF,무용
01,INVALID REQUEST PARAMETER ERROR,2026-09-27 15:43:04,20260801,BBGG,국악
01,INVALID REQUEST PARAMETER ERROR,2026-09-27 15:43:10,20260801,EEEA,서커스/마술
01,INVALID REQUEST PARAMETER ERROR,2026-09-27 15:43:19,20260901,AAAA,연극
01,INVALID REQUEST PARAMETER ERROR,2026-09-27 15:43:21,20260901,BBBC,뮤지컬
01,INVALID REQUEST PARAMETER ERROR,2026-09-27 15:43:27,20260901,BBBD,오페라
01,INVALID REQUEST PARAMETER ERROR,2026-09-27 15:43:30,20260901,BBBE,클래식
01,INVALID REQUEST PARAMETER ERROR,2026-09-27 15:43:33,20260901,BBBF,무용
01,INVALID REQUEST PARAMETER ERROR,2026-09-27 15:43:36,20260901,BBGG,국악
01,INVALID REQUEST PARAMETER ERROR,2026-09-27 15:43:38,20260901,EEEA,서커스/마술
