data1,data2,data3,data4,__typename,_period_start,_period_end
5144,44.4,41027,65.1,PerfoStatsTotalData,20230706,20240102
835,7.2,19630,31.2,PerfoStatsTotalData,20230706,20240102
368,3.2,14024,22.3,PerfoStatsTotalData,20230706,20240102
1991,17.2,2288,3.6,PerfoStatsTotalData,20230706,20240102
357,3.1,562,0.9,PerfoStatsTotalData,20230706,20240102
1205,10.4,2184,3.5,PerfoStatsTotalData,20230706,20240102
249,2.1,558,0.9,PerfoStatsTotalData,20230706,20240102
16,0.1,22,0,PerfoStatsTotalData,20230706,20240102
44,0.4,1437,2.3,PerfoStatsTotalData,20230706,20240102
79,0.7,322,0.5,PerfoStatsTotalData,20230706,20240102
1954,16.9,6197,9.8,PerfoStatsTotalData,20230706,20240102
207,1.8,753,1.2,PerfoStatsTotalData,20230706,20240102
421,3.6,2049,3.3,PerfoStatsTotalData,20230706,20240102
743,6.4,872,1.4,PerfoStatsTotalData,20230706,20240102
108,0.9,130,0.2,PerfoStatsTotalData,20230706,20240102
210,1.8,307,0.5,PerfoStatsTotalData,20230706,20240102
92,0.8,152,0.2,PerfoStatsTotalData,20230706,20240102
8,0.1,12,0,PerfoStatsTotalData,20230706,20240102
105,0.9,1816,2.9,PerfoStatsTotalData,20230706,20240102
60,0.5,106,0.2,PerfoStatsTotalData,20230706,20240102
945,8.2,3059,4.9,PerfoStatsTotalData,20230706,20240102
106,0.9,1118,1.8,PerfoStatsTotalData,20230706,20240102
184,1.6,822,1.3,PerfoStatsTotalData,20230706,20240102
373,3.2,437,0.7,PerfoStatsTotalData,20230706,20240102
42,0.4,64,0.1,PerfoStatsTotalData,20230706,20240102
125,1.1,183,0.3,PerfoStatsTotalData,20230706,20240102
37,0.3,77,0.1,PerfoStatsTotalData,20230706,20240102
1,0.,1,0,PerfoStatsTotalData,20230706,20240102
42,0.4,309,0.5,PerfoStatsTotalData,20230706,20240102
35,0.3,48,0.1,PerfoStatsTotalData,20230706,20240102
289,2.5,492,0.8,PerfoStatsTotalData,20230706,20240102
39,0.3,92,0.1,PerfoStatsTotalData,20230706,20240102
42,0.4,122,0.2,PerfoStatsTotalData,20230706,20240102
115,1.,134,0.2,PerfoStatsTotalData,20230706,20240102
24,0.2,26,0,PerfoStatsTotalData,20230706,20240102
40,0.3,54,0.1,PerfoStatsTotalData,20230706,20240102
17,0.1,21,0,PerfoStatsTotalData,20230706,20240102
0,0,0,0,PerfoStatsTotalData,20230706,20240102
6,0.1,37,0.1,PerfoStatsTotalData,20230706,20240102
6,0.1,6,0,PerfoStatsTotalData,20230706,20240102
2344,20.2,8233,13.1,PerfoStatsTotalData,20230706,20240102
325,2.8,3422,5.4,PerfoStatsTotalData,20230706,20240102
408,3.5,2142,3.4,PerfoStatsTotalData,20230706,20240102
897,7.7,1062,1.7,PerfoStatsTotalData,20230706,20240102
113,1.,164,0.3,PerfoStatsTotalData,20230706,20240102
356,3.1,459,0.7,PerfoStatsTotalData,20230706,20240102
115,1.,162,0.3,PerfoStatsTotalData,20230706,20240102
5,0.,7,0,PerfoStatsTotalData,20230706,20240102
64,0.6,676,1.1,PerfoStatsTotalData,20230706,20240102
61,0.5,139,0.2,PerfoStatsTotalData,20230706,20240102
749,6.5,2929,4.6,PerfoStatsTotalData,20230706,20240102
93,0.8,745,1.2,PerfoStatsTotalData,20230706,20240102
162,1.4,776,1.2,PerfoStatsTotalData,20230706,20240102
220,1.9,261,0.4,PerfoStatsTotalData,20230706,20240102
71,0.6,127,0.2,PerfoStatsTotalData,20230706,20240102
101,0.9,124,0.2,PerfoStatsTotalData,20230706,20240102
34,0.3,59,0.1,PerfoStatsTotalData,20230706,20240102
1,0.,2,0,PerfoStatsTotalData,20230706,20240102
36,0.3,702,1.1,PerfoStatsTotalData,20230706,20240102
31,0.3,133,0.2,PerfoStatsTotalData,20230706,20240102
164,1.4,1071,1.7,PerfoStatsTotalData,20230706,20240102
22,0.2,554,0.9,PerfoStatsTotalData,20230706,20240102
28,0.2,339,0.5,PerfoStatsTotalData,20230706,20240102
58,0.5,85,0.1,PerfoStatsTotalData,20230706,20240102
4,0.,4,0,PerfoStatsTotalData,20230706,20240102
20,0.2,24,0,PerfoStatsTotalData,20230706,20240102
18,0.2,22,0,PerfoStatsTotalData,20230706,20240102
1,0.,1,0,PerfoStatsTotalData,20230706,20240102
6,0.1,29,0,PerfoStatsTotalData,20230706,20240102
7,0.1,13,0,PerfoStatsTotalData,20230706,20240102
11589,100.,63008,100,PerfoStatsTotalData,20230706,20240102
4261,48.,37168,66.6,PerfoStatsTotalData,20240103,20240701
646,7.3,18337,32.9,PerfoStatsTotalData,20240103,20240701
275,3.1,12771,22.9,PerfoStatsTotalData,20240103,20240701
1761,19.8,2041,3.7,PerfoStatsTotalData,20240103,20240701
271,3.1,492,0.9,PerfoStatsTotalData,20240103,20240701
1049,11.8,1889,3.4,PerfoStatsTotalData,20240103,20240701
146,1.6,334,0.6,PerfoStatsTotalData,20240103,20240701
19,0.2,26,0,PerfoStatsTotalData,20240103,20240701
46,0.5,1086,1.9,PerfoStatsTotalData,20240103,20240701
48,0.5,192,0.3,PerfoStatsTotalData,20240103,20240701
1393,15.7,5707,10.2,PerfoStatsTotalData,20240103,20240701
116,1.3,465,0.8,PerfoStatsTotalData,20240103,20240701
358,4.,2280,4.1,PerfoStatsTotalData,20240103,20240701
520,5.9,607,1.1,PerfoStatsTotalData,20240103,20240701
41,0.5,66,0.1,PerfoStatsTotalData,20240103,20240701
180,2.,297,0.5,PerfoStatsTotalData,20240103,20240701
32,0.4,61,0.1,PerfoStatsTotalData,20240103,20240701
12,0.1,13,0,PerfoStatsTotalData,20240103,20240701
114,1.3,1870,3.4,PerfoStatsTotalData,20240103,20240701
20,0.2,48,0.1,PerfoStatsTotalData,20240103,20240701
653,7.4,2467,4.4,PerfoStatsTotalData,20240103,20240701
55,0.6,970,1.7,PerfoStatsTotalData,20240103,20240701
170,1.9,811,1.5,PerfoStatsTotalData,20240103,20240701
246,2.8,288,0.5,PerfoStatsTotalData,20240103,20240701
25,0.3,44,0.1,PerfoStatsTotalData,20240103,20240701
81,0.9,114,0.2,PerfoStatsTotalData,20240103,20240701
13,0.1,32,0.1,PerfoStatsTotalData,20240103,20240701
1,0.,1,0,PerfoStatsTotalData,20240103,20240701
48,0.5,192,0.3,PerfoStatsTotalData,20240103,20240701
14,0.2,15,0,PerfoStatsTotalData,20240103,20240701
190,2.1,368,0.7,PerfoStatsTotalData,20240103,20240701
23,0.3,62,0.1,PerfoStatsTotalData,20240103,20240701
51,0.6,148,0.3,PerfoStatsTotalData,20240103,20240701
55,0.6,59,0.1,PerfoStatsTotalData,20240103,20240701
11,0.1,11,0,PerfoStatsTotalData,20240103,20240701
22,0.2,31,0.1,PerfoStatsTotalData,20240103,20240701
9,0.1,11,0,PerfoStatsTotalData,20240103,20240701
0,0,0,0,PerfoStatsTotalData,20240103,20240701
12,0.1,30,0.1,PerfoStatsTotalData,20240103,20240701
7,0.1,16,0,PerfoStatsTotalData,20240103,20240701
1748,19.7,6850,12.3,PerfoStatsTotalData,20240103,20240701
166,1.9,2535,4.5,PerfoStatsTotalData,20240103,20240701
359,4.,2152,3.9,PerfoStatsTotalData,20240103,20240701
713,8.,803,1.4,PerfoStatsTotalData,20240103,20240701
71,0.8,103,0.2,PerfoStatsTotalData,20240103,20240701
227,2.6,296,0.5,PerfoStatsTotalData,20240103,20240701
60,0.7,100,0.2,PerfoStatsTotalData,20240103,20240701
8,0.1,8,0,PerfoStatsTotalData,20240103,20240701
113,1.3,809,1.5,PerfoStatsTotalData,20240103,20240701
31,0.3,44,0.1,PerfoStatsTotalData,20240103,20240701
540,6.1,2402,4.3,PerfoStatsTotalData,20240103,20240701
37,0.4,418,0.7,PerfoStatsTotalData,20240103,20240701
131,1.5,768,1.4,PerfoStatsTotalData,20240103,20240701
145,1.6,168,0.3,PerfoStatsTotalData,20240103,20240701
68,0.8,103,0.2,PerfoStatsTotalData,20240103,20240701
85,1.,114,0.2,PerfoStatsTotalData,20240103,20240701
9,0.1,18,0,PerfoStatsTotalData,20240103,20240701
1,0.,1,0,PerfoStatsTotalData,20240103,20240701
42,0.5,737,1.3,PerfoStatsTotalData,20240103,20240701
22,0.2,75,0.1,PerfoStatsTotalData,20240103,20240701
92,1.,816,1.5,PerfoStatsTotalData,20240103,20240701
8,0.1,292,0.5,PerfoStatsTotalData,20240103,20240701
28,0.3,304,0.5,PerfoStatsTotalData,20240103,20240701
29,0.3,174,0.3,PerfoStatsTotalData,20240103,20240701
4,0.,4,0,PerfoStatsTotalData,20240103,20240701
12,0.1,14,0,PerfoStatsTotalData,20240103,20240701
1,0.,1,0,PerfoStatsTotalData,20240103,20240701
0,0,0,0,PerfoStatsTotalData,20240103,20240701
3,0.,12,0,PerfoStatsTotalData,20240103,20240701
7,0.1,15,0,PerfoStatsTotalData,20240103,20240701
8877,100.,55778,100,PerfoStatsTotalData,20240103,20240701
5470,44.3,42647,64.7,PerfoStatsTotalData,20240702,20241229
822,6.7,21092,32,PerfoStatsTotalData,20240702,20241229
333,2.7,14165,21.5,PerfoStatsTotalData,20240702,20241229
2129,17.2,2510,3.8,PerfoStatsTotalData,20240702,20241229
391,3.2,650,1,PerfoStatsTotalData,20240702,20241229
1348,10.9,2454,3.7,PerfoStatsTotalData,20240702,20241229
262,2.1,567,0.9,PerfoStatsTotalData,20240702,20241229
10,0.1,14,0,PerfoStatsTotalData,20240702,20241229
65,0.5,942,1.4,PerfoStatsTotalData,20240702,20241229
110,0.9,253,0.4,PerfoStatsTotalData,20240702,20241229
2166,17.5,6996,10.6,PerfoStatsTotalData,20240702,20241229
259,2.1,779,1.2,PerfoStatsTotalData,20240702,20241229
418,3.4,2453,3.7,PerfoStatsTotalData,20240702,20241229
807,6.5,1011,1.5,PerfoStatsTotalData,20240702,20241229
119,1.,154,0.2,PerfoStatsTotalData,20240702,20241229
288,2.3,475,0.7,PerfoStatsTotalData,20240702,20241229
88,0.7,138,0.2,PerfoStatsTotalData,20240702,20241229
4,0.,4,0,PerfoStatsTotalData,20240702,20241229
123,1.,1882,2.9,PerfoStatsTotalData,20240702,20241229
60,0.5,100,0.2,PerfoStatsTotalData,20240702,20241229
949,7.7,3383,5.1,PerfoStatsTotalData,20240702,20241229
129,1.,1477,2.2,PerfoStatsTotalData,20240702,20241229
181,1.5,840,1.3,PerfoStatsTotalData,20240702,20241229
349,2.8,411,0.6,PerfoStatsTotalData,20240702,20241229
66,0.5,102,0.2,PerfoStatsTotalData,20240702,20241229
104,0.8,141,0.2,PerfoStatsTotalData,20240702,20241229
42,0.3,73,0.1,PerfoStatsTotalData,20240702,20241229
2,0.,2,0,PerfoStatsTotalData,20240702,20241229
47,0.4,297,0.5,PerfoStatsTotalData,20240702,20241229
29,0.2,40,0.1,PerfoStatsTotalData,20240702,20241229
366,3.,771,1.2,PerfoStatsTotalData,20240702,20241229
58,0.5,268,0.4,PerfoStatsTotalData,20240702,20241229
49,0.4,175,0.3,PerfoStatsTotalData,20240702,20241229
150,1.2,157,0.2,PerfoStatsTotalData,20240702,20241229
27,0.2,29,0,PerfoStatsTotalData,20240702,20241229
44,0.4,61,0.1,PerfoStatsTotalData,20240702,20241229
13,0.1,17,0,PerfoStatsTotalData,20240702,20241229
0,0,0,0,PerfoStatsTotalData,20240702,20241229
14,0.1,37,0.1,PerfoStatsTotalData,20240702,20241229
11,0.1,27,0,PerfoStatsTotalData,20240702,20241229
2467,20.,8307,12.6,PerfoStatsTotalData,20240702,20241229
365,3.,3501,5.3,PerfoStatsTotalData,20240702,20241229
363,2.9,1937,2.9,PerfoStatsTotalData,20240702,20241229
934,7.6,1117,1.7,PerfoStatsTotalData,20240702,20241229
135,1.1,174,0.3,PerfoStatsTotalData,20240702,20241229
388,3.1,479,0.7,PerfoStatsTotalData,20240702,20241229
131,1.1,194,0.3,PerfoStatsTotalData,20240702,20241229
2,0.,2,0,PerfoStatsTotalData,20240702,20241229
99,0.8,848,1.3,PerfoStatsTotalData,20240702,20241229
50,0.4,55,0.1,PerfoStatsTotalData,20240702,20241229
820,6.6,2972,4.5,PerfoStatsTotalData,20240702,20241229
107,0.9,620,0.9,PerfoStatsTotalData,20240702,20241229
153,1.2,823,1.2,PerfoStatsTotalData,20240702,20241229
203,1.6,261,0.4,PerfoStatsTotalData,20240702,20241229
128,1.,206,0.3,PerfoStatsTotalData,20240702,20241229
123,1.,170,0.3,PerfoStatsTotalData,20240702,20241229
29,0.2,49,0.1,PerfoStatsTotalData,20240702,20241229
0,0,0,0,PerfoStatsTotalData,20240702,20241229
49,0.4,752,1.1,PerfoStatsTotalData,20240702,20241229
28,0.2,91,0.1,PerfoStatsTotalData,20240702,20241229
110,0.9,883,1.3,PerfoStatsTotalData,20240702,20241229
18,0.1,247,0.4,PerfoStatsTotalData,20240702,20241229
22,0.2,296,0.4,PerfoStatsTotalData,20240702,20241229
23,0.2,210,0.3,PerfoStatsTotalData,20240702,20241229
4,0.,4,0,PerfoStatsTotalData,20240702,20241229
22,0.2,27,0,PerfoStatsTotalData,20240702,20241229
6,0.,7,0,PerfoStatsTotalData,20240702,20241229
0,0,0,0,PerfoStatsTotalData,20240702,20241229
7,0.1,24,0,PerfoStatsTotalData,20240702,20241229
8,0.1,68,0.1,PerfoStatsTotalData,20240702,20241229
12348,100.,65959,100,PerfoStatsTotalData,20240702,20241229
4585,47.7,42100,67.9,PerfoStatsTotalData,20241230,20250628
717,7.5,20968,33.8,PerfoStatsTotalData,20241230,20250628
312,3.2,14702,23.7,PerfoStatsTotalData,20241230,20250628
1804,18.8,2163,3.5,PerfoStatsTotalData,20241230,20250628
267,2.8,492,0.8,PerfoStatsTotalData,20241230,20250628
1226,12.8,2349,3.8,PerfoStatsTotalData,20241230,20250628
165,1.7,428,0.7,PerfoStatsTotalData,20241230,20250628
15,0.2,16,0,PerfoStatsTotalData,20241230,20250628
45,0.5,928,1.5,PerfoStatsTotalData,20241230,20250628
34,0.4,54,0.1,PerfoStatsTotalData,20241230,20250628
1588,16.5,6388,10.3,PerfoStatsTotalData,20241230,20250628
135,1.4,496,0.8,PerfoStatsTotalData,20241230,20250628
421,4.4,2537,4.1,PerfoStatsTotalData,20241230,20250628
553,5.8,862,1.4,PerfoStatsTotalData,20241230,20250628
73,0.8,91,0.1,PerfoStatsTotalData,20241230,20250628
194,2.,365,0.6,PerfoStatsTotalData,20241230,20250628
46,0.5,88,0.1,PerfoStatsTotalData,20241230,20250628
11,0.1,13,0,PerfoStatsTotalData,20241230,20250628
134,1.4,1907,3.1,PerfoStatsTotalData,20241230,20250628
21,0.2,29,0,PerfoStatsTotalData,20241230,20250628
723,7.5,2576,4.2,PerfoStatsTotalData,20241230,20250628
83,0.9,732,1.2,PerfoStatsTotalData,20241230,20250628
171,1.8,959,1.5,PerfoStatsTotalData,20241230,20250628
238,2.5,270,0.4,PerfoStatsTotalData,20241230,20250628
49,0.5,84,0.1,PerfoStatsTotalData,20241230,20250628
88,0.9,112,0.2,PerfoStatsTotalData,20241230,20250628
19,0.2,47,0.1,PerfoStatsTotalData,20241230,20250628
2,0.,2,0,PerfoStatsTotalData,20241230,20250628
61,0.6,315,0.5,PerfoStatsTotalData,20241230,20250628
12,0.1,55,0.1,PerfoStatsTotalData,20241230,20250628
205,2.1,417,0.7,PerfoStatsTotalData,20241230,20250628
31,0.3,110,0.2,PerfoStatsTotalData,20241230,20250628
50,0.5,140,0.2,PerfoStatsTotalData,20241230,20250628
59,0.6,62,0.1,PerfoStatsTotalData,20241230,20250628
17,0.2,25,0,PerfoStatsTotalData,20241230,20250628
27,0.3,30,0,PerfoStatsTotalData,20241230,20250628
3,0.,6,0,PerfoStatsTotalData,20241230,20250628
0,0,0,0,PerfoStatsTotalData,20241230,20250628
14,0.1,39,0.1,PerfoStatsTotalData,20241230,20250628
4,0.,5,0,PerfoStatsTotalData,20241230,20250628
1844,19.2,7303,11.8,PerfoStatsTotalData,20241230,20250628
183,1.9,2707,4.4,PerfoStatsTotalData,20241230,20250628
383,4.,2078,3.4,PerfoStatsTotalData,20241230,20250628
702,7.3,891,1.4,PerfoStatsTotalData,20241230,20250628
75,0.8,107,0.2,PerfoStatsTotalData,20241230,20250628
261,2.7,331,0.5,PerfoStatsTotalData,20241230,20250628
63,0.7,93,0.2,PerfoStatsTotalData,20241230,20250628
7,0.1,9,0,PerfoStatsTotalData,20241230,20250628
136,1.4,1038,1.7,PerfoStatsTotalData,20241230,20250628
34,0.4,49,0.1,PerfoStatsTotalData,20241230,20250628
544,5.7,2284,3.7,PerfoStatsTotalData,20241230,20250628
64,0.7,407,0.7,PerfoStatsTotalData,20241230,20250628
127,1.3,798,1.3,PerfoStatsTotalData,20241230,20250628
137,1.4,159,0.3,PerfoStatsTotalData,20241230,20250628
58,0.6,71,0.1,PerfoStatsTotalData,20241230,20250628
82,0.9,115,0.2,PerfoStatsTotalData,20241230,20250628
21,0.2,32,0.1,PerfoStatsTotalData,20241230,20250628
1,0.,1,0,PerfoStatsTotalData,20241230,20250628
38,0.4,674,1.1,PerfoStatsTotalData,20241230,20250628
16,0.2,27,0,PerfoStatsTotalData,20241230,20250628
126,1.3,895,1.4,PerfoStatsTotalData,20241230,20250628
21,0.2,347,0.6,PerfoStatsTotalData,20241230,20250628
28,0.3,302,0.5,PerfoStatsTotalData,20241230,20250628
45,0.5,174,0.3,PerfoStatsTotalData,20241230,20250628
7,0.1,13,0,PerfoStatsTotalData,20241230,20250628
8,0.1,9,0,PerfoStatsTotalData,20241230,20250628
4,0.,5,0,PerfoStatsTotalData,20241230,20250628
1,0.,1,0,PerfoStatsTotalData,20241230,20250628
8,0.1,31,0.1,PerfoStatsTotalData,20241230,20250628
4,0.,13,0,PerfoStatsTotalData,20241230,20250628
9615,100.,61963,100,PerfoStatsTotalData,20241230,20250628
6080,45.3,46313,65.4,PerfoStatsTotalData,20250629,20251226
1064,7.9,22871,32.3,PerfoStatsTotalData,20250629,20251226
356,2.7,15253,21.5,PerfoStatsTotalData,20250629,20251226
2146,16.,2589,3.7,PerfoStatsTotalData,20250629,20251226
379,2.8,738,1,PerfoStatsTotalData,20250629,20251226
1675,12.5,2883,4.1,PerfoStatsTotalData,20250629,20251226
321,2.4,776,1.1,PerfoStatsTotalData,20250629,20251226
16,0.1,21,0,PerfoStatsTotalData,20250629,20251226
45,0.3,1018,1.4,PerfoStatsTotalData,20250629,20251226
78,0.6,164,0.2,PerfoStatsTotalData,20250629,20251226
2252,16.8,7392,10.4,PerfoStatsTotalData,20250629,20251226
293,2.2,823,1.2,PerfoStatsTotalData,20250629,20251226
453,3.4,2604,3.7,PerfoStatsTotalData,20250629,20251226
772,5.8,1074,1.5,PerfoStatsTotalData,20250629,20251226
119,0.9,167,0.2,PerfoStatsTotalData,20250629,20251226
325,2.4,516,0.7,PerfoStatsTotalData,20250629,20251226
113,0.8,168,0.2,PerfoStatsTotalData,20250629,20251226
11,0.1,15,0,PerfoStatsTotalData,20250629,20251226
117,0.9,1960,2.8,PerfoStatsTotalData,20250629,20251226
49,0.4,65,0.1,PerfoStatsTotalData,20250629,20251226
999,7.4,3229,4.6,PerfoStatsTotalData,20250629,20251226
143,1.1,1103,1.6,PerfoStatsTotalData,20250629,20251226
194,1.4,1061,1.5,PerfoStatsTotalData,20250629,20251226
352,2.6,411,0.6,PerfoStatsTotalData,20250629,20251226
70,0.5,111,0.2,PerfoStatsTotalData,20250629,20251226
135,1.,155,0.2,PerfoStatsTotalData,20250629,20251226
30,0.2,54,0.1,PerfoStatsTotalData,20250629,20251226
1,0.,1,0,PerfoStatsTotalData,20250629,20251226
47,0.4,288,0.4,PerfoStatsTotalData,20250629,20251226
27,0.2,45,0.1,PerfoStatsTotalData,20250629,20251226
397,3.,728,1,PerfoStatsTotalData,20250629,20251226
89,0.7,244,0.3,PerfoStatsTotalData,20250629,20251226
50,0.4,161,0.2,PerfoStatsTotalData,20250629,20251226
145,1.1,159,0.2,PerfoStatsTotalData,20250629,20251226
35,0.3,59,0.1,PerfoStatsTotalData,20250629,20251226
32,0.2,36,0.1,PerfoStatsTotalData,20250629,20251226
29,0.2,35,0,PerfoStatsTotalData,20250629,20251226
0,0,0,0,PerfoStatsTotalData,20250629,20251226
10,0.1,27,0,PerfoStatsTotalData,20250629,20251226
7,0.1,7,0,PerfoStatsTotalData,20250629,20251226
2633,19.6,9100,12.8,PerfoStatsTotalData,20250629,20251226
365,2.7,3227,4.6,PerfoStatsTotalData,20250629,20251226
475,3.5,2681,3.8,PerfoStatsTotalData,20250629,20251226
1054,7.9,1292,1.8,PerfoStatsTotalData,20250629,20251226
107,0.8,144,0.2,PerfoStatsTotalData,20250629,20251226
367,2.7,449,0.6,PerfoStatsTotalData,20250629,20251226
110,0.8,154,0.2,PerfoStatsTotalData,20250629,20251226
3,0.,4,0,PerfoStatsTotalData,20250629,20251226
105,0.8,1091,1.5,PerfoStatsTotalData,20250629,20251226
47,0.4,58,0.1,PerfoStatsTotalData,20250629,20251226
898,6.7,3027,4.3,PerfoStatsTotalData,20250629,20251226
111,0.8,599,0.8,PerfoStatsTotalData,20250629,20251226
205,1.5,1022,1.4,PerfoStatsTotalData,20250629,20251226
224,1.7,271,0.4,PerfoStatsTotalData,20250629,20251226
144,1.1,211,0.3,PerfoStatsTotalData,20250629,20251226
114,0.8,184,0.3,PerfoStatsTotalData,20250629,20251226
40,0.3,62,0.1,PerfoStatsTotalData,20250629,20251226
0,0,0,0,PerfoStatsTotalData,20250629,20251226
40,0.3,650,0.9,PerfoStatsTotalData,20250629,20251226
20,0.1,28,0,PerfoStatsTotalData,20250629,20251226
163,1.2,1048,1.5,PerfoStatsTotalData,20250629,20251226
29,0.2,417,0.6,PerfoStatsTotalData,20250629,20251226
31,0.2,381,0.5,PerfoStatsTotalData,20250629,20251226
39,0.3,151,0.2,PerfoStatsTotalData,20250629,20251226
15,0.1,18,0,PerfoStatsTotalData,20250629,20251226
19,0.1,22,0,PerfoStatsTotalData,20250629,20251226
17,0.1,26,0,PerfoStatsTotalData,20250629,20251226
0,0,0,0,PerfoStatsTotalData,20250629,20251226
5,0.,12,0,PerfoStatsTotalData,20250629,20251226
8,0.1,21,0,PerfoStatsTotalData,20250629,20251226
13422,100.,70837,100,PerfoStatsTotalData,20250629,20251226
4921,47.7,44858,69.1,PerfoStatsTotalData,20251227,20260625
798,7.7,23880,36.8,PerfoStatsTotalData,20251227,20260625
323,3.1,14100,21.7,PerfoStatsTotalData,20251227,20260625
1766,17.1,2057,3.2,PerfoStatsTotalData,20251227,20260625
262,2.5,618,1,PerfoStatsTotalData,20251227,20260625
1478,14.3,2733,4.2,PerfoStatsTotalData,20251227,20260625
188,1.8,434,0.7,PerfoStatsTotalData,20251227,20260625
9,0.1,9,0,PerfoStatsTotalData,20251227,20260625
45,0.4,906,1.4,PerfoStatsTotalData,20251227,20260625
52,0.5,121,0.2,PerfoStatsTotalData,20251227,20260625
1768,17.1,6609,10.2,PerfoStatsTotalData,20251227,20260625
147,1.4,581,0.9,PerfoStatsTotalData,20251227,20260625
514,5.,2940,4.5,PerfoStatsTotalData,20251227,20260625
576,5.6,740,1.1,PerfoStatsTotalData,20251227,20260625
62,0.6,119,0.2,PerfoStatsTotalData,20251227,20260625
251,2.4,468,0.7,PerfoStatsTotalData,20251227,20260625
56,0.5,86,0.1,PerfoStatsTotalData,20251227,20260625
13,0.1,15,0,PerfoStatsTotalData,20251227,20260625
121,1.2,1625,2.5,PerfoStatsTotalData,20251227,20260625
28,0.3,35,0.1,PerfoStatsTotalData,20251227,20260625
783,7.6,2923,4.5,PerfoStatsTotalData,20251227,20260625
93,0.9,884,1.4,PerfoStatsTotalData,20251227,20260625
211,2.,1207,1.9,PerfoStatsTotalData,20251227,20260625
244,2.4,276,0.4,PerfoStatsTotalData,20251227,20260625
49,0.5,75,0.1,PerfoStatsTotalData,20251227,20260625
104,1.,126,0.2,PerfoStatsTotalData,20251227,20260625
14,0.1,35,0.1,PerfoStatsTotalData,20251227,20260625
2,0.,3,0,PerfoStatsTotalData,20251227,20260625
51,0.5,300,0.5,PerfoStatsTotalData,20251227,20260625
15,0.1,17,0,PerfoStatsTotalData,20251227,20260625
221,2.1,467,0.7,PerfoStatsTotalData,20251227,20260625
37,0.4,108,0.2,PerfoStatsTotalData,20251227,20260625
54,0.5,171,0.3,PerfoStatsTotalData,20251227,20260625
69,0.7,74,0.1,PerfoStatsTotalData,20251227,20260625
11,0.1,26,0,PerfoStatsTotalData,20251227,20260625
23,0.2,34,0.1,PerfoStatsTotalData,20251227,20260625
10,0.1,15,0,PerfoStatsTotalData,20251227,20260625
0,0,0,0,PerfoStatsTotalData,20251227,20260625
14,0.1,35,0.1,PerfoStatsTotalData,20251227,20260625
3,0.,4,0,PerfoStatsTotalData,20251227,20260625
1899,18.4,6964,10.7,PerfoStatsTotalData,20251227,20260625
195,1.9,2631,4.1,PerfoStatsTotalData,20251227,20260625
390,3.8,1950,3,PerfoStatsTotalData,20251227,20260625
741,7.2,888,1.4,PerfoStatsTotalData,20251227,20260625
61,0.6,71,0.1,PerfoStatsTotalData,20251227,20260625
302,2.9,391,0.6,PerfoStatsTotalData,20251227,20260625
55,0.5,76,0.1,PerfoStatsTotalData,20251227,20260625
5,0.,6,0,PerfoStatsTotalData,20251227,20260625
113,1.1,902,1.4,PerfoStatsTotalData,20251227,20260625
37,0.4,49,0.1,PerfoStatsTotalData,20251227,20260625
606,5.9,2308,3.6,PerfoStatsTotalData,20251227,20260625
66,0.6,438,0.7,PerfoStatsTotalData,20251227,20260625
179,1.7,935,1.4,PerfoStatsTotalData,20251227,20260625
134,1.3,158,0.2,PerfoStatsTotalData,20251227,20260625
83,0.8,97,0.1,PerfoStatsTotalData,20251227,20260625
73,0.7,112,0.2,PerfoStatsTotalData,20251227,20260625
21,0.2,34,0.1,PerfoStatsTotalData,20251227,20260625
1,0.,2,0,PerfoStatsTotalData,20251227,20260625
40,0.4,521,0.8,PerfoStatsTotalData,20251227,20260625
9,0.1,11,0,PerfoStatsTotalData,20251227,20260625
124,1.2,755,1.2,PerfoStatsTotalData,20251227,20260625
19,0.2,251,0.4,PerfoStatsTotalData,20251227,20260625
19,0.2,277,0.4,PerfoStatsTotalData,20251227,20260625
51,0.5,158,0.2,PerfoStatsTotalData,20251227,20260625
4,0.,5,0,PerfoStatsTotalData,20251227,20260625
16,0.2,21,0,PerfoStatsTotalData,20251227,20260625
2,0.,2,0,PerfoStatsTotalData,20251227,20260625
0,0,0,0,PerfoStatsTotalData,20251227,20260625
11,0.1,38,0.1,PerfoStatsTotalData,20251227,20260625
2,0.,3,0,PerfoStatsTotalData,20251227,20260625
10322,100.,64884,100,PerfoStatsTotalData,20251227,20260625
399,47.7,2941,65.7,PerfoStatsTotalData,20260626,20260705
79,9.4,1585,35.4,PerfoStatsTotalData,20260626,20260705
22,2.6,845,18.9,PerfoStatsTotalData,20260626,20260705
131,15.7,160,3.6,PerfoStatsTotalData,20260626,20260705
21,2.5,44,1,PerfoStatsTotalData,20260626,20260705
111,13.3,212,4.7,PerfoStatsTotalData,20260626,20260705
26,3.1,40,0.9,PerfoStatsTotalData,20260626,20260705
0,0,0,0,PerfoStatsTotalData,20260626,20260705
2,0.2,36,0.8,PerfoStatsTotalData,20260626,20260705
7,0.8,19,0.4,PerfoStatsTotalData,20260626,20260705
128,15.3,438,9.8,PerfoStatsTotalData,20260626,20260705
20,2.4,71,1.6,PerfoStatsTotalData,20260626,20260705
26,3.1,161,3.6,PerfoStatsTotalData,20260626,20260705
33,3.9,42,0.9,PerfoStatsTotalData,20260626,20260705
7,0.8,12,0.3,PerfoStatsTotalData,20260626,20260705
22,2.6,39,0.9,PerfoStatsTotalData,20260626,20260705
3,0.4,6,0.1,PerfoStatsTotalData,20260626,20260705
0,0,0,0,PerfoStatsTotalData,20260626,20260705
14,1.7,103,2.3,PerfoStatsTotalData,20260626,20260705
3,0.4,4,0.1,PerfoStatsTotalData,20260626,20260705
56,6.7,213,4.8,PerfoStatsTotalData,20260626,20260705
10,1.2,90,2,PerfoStatsTotalData,20260626,20260705
10,1.2,63,1.4,PerfoStatsTotalData,20260626,20260705
20,2.4,22,0.5,PerfoStatsTotalData,20260626,20260705
2,0.2,4,0.1,PerfoStatsTotalData,20260626,20260705
9,1.1,12,0.3,PerfoStatsTotalData,20260626,20260705
1,0.1,2,0,PerfoStatsTotalData,20260626,20260705
0,0,0,0,PerfoStatsTotalData,20260626,20260705
4,0.5,20,0.4,PerfoStatsTotalData,20260626,20260705
0,0,0,0,PerfoStatsTotalData,20260626,20260705
29,3.5,57,1.3,PerfoStatsTotalData,20260626,20260705
7,0.8,21,0.5,PerfoStatsTotalData,20260626,20260705
5,0.6,13,0.3,PerfoStatsTotalData,20260626,20260705
12,1.4,15,0.3,PerfoStatsTotalData,20260626,20260705
2,0.2,4,0.1,PerfoStatsTotalData,20260626,20260705
2,0.2,3,0.1,PerfoStatsTotalData,20260626,20260705
1,0.1,1,0,PerfoStatsTotalData,20260626,20260705
0,0,0,0,PerfoStatsTotalData,20260626,20260705
0,0,0,0,PerfoStatsTotalData,20260626,20260705
0,0,0,0,PerfoStatsTotalData,20260626,20260705
171,20.5,621,13.9,PerfoStatsTotalData,20260626,20260705
23,2.8,213,4.8,PerfoStatsTotalData,20260626,20260705
57,6.8,245,5.5,PerfoStatsTotalData,20260626,20260705
50,6.,59,1.3,PerfoStatsTotalData,20260626,20260705
5,0.6,7,0.2,PerfoStatsTotalData,20260626,20260705
21,2.5,30,0.7,PerfoStatsTotalData,20260626,20260705
3,0.4,4,0.1,PerfoStatsTotalData,20260626,20260705
0,0,0,0,PerfoStatsTotalData,20260626,20260705
11,1.3,61,1.4,PerfoStatsTotalData,20260626,20260705
1,0.1,2,0,PerfoStatsTotalData,20260626,20260705
42,5.,162,3.6,PerfoStatsTotalData,20260626,20260705
5,0.6,40,0.9,PerfoStatsTotalData,20260626,20260705
10,1.2,52,1.2,PerfoStatsTotalData,20260626,20260705
8,1.,13,0.3,PerfoStatsTotalData,20260626,20260705
8,1.,15,0.3,PerfoStatsTotalData,20260626,20260705
4,0.5,8,0.2,PerfoStatsTotalData,20260626,20260705
6,0.7,10,0.2,PerfoStatsTotalData,20260626,20260705
0,0,0,0,PerfoStatsTotalData,20260626,20260705
1,0.1,24,0.5,PerfoStatsTotalData,20260626,20260705
0,0,0,0,PerfoStatsTotalData,20260626,20260705
11,1.3,45,1,PerfoStatsTotalData,20260626,20260705
2,0.2,20,0.4,PerfoStatsTotalData,20260626,20260705
0,0,9,0.2,PerfoStatsTotalData,20260626,20260705
3,0.4,9,0.2,PerfoStatsTotalData,20260626,20260705
1,0.1,1,0,PerfoStatsTotalData,20260626,20260705
3,0.4,3,0.1,PerfoStatsTotalData,20260626,20260705
1,0.1,1,0,PerfoStatsTotalData,20260626,20260705
0,0,0,0,PerfoStatsTotalData,20260626,20260705
0,0,0,0,PerfoStatsTotalData,20260626,20260705
1,0.1,2,0,PerfoStatsTotalData,20260626,20260705
836,100.,4477,100,PerfoStatsTotalData,20260626,20260705
