data1,data2,data3,data4,__typename,_period_start,_period_end
5078,44.6,39234,65.5,PerfoStatsTotalData,20230625,20231222
854,7.5,18956,31.7,PerfoStatsTotalData,20230625,20231222
353,3.1,13261,22.1,PerfoStatsTotalData,20230625,20231222
1993,17.5,2263,3.8,PerfoStatsTotalData,20230625,20231222
364,3.2,564,0.9,PerfoStatsTotalData,20230625,20231222
1122,9.9,2044,3.4,PerfoStatsTotalData,20230625,20231222
260,2.3,555,0.9,PerfoStatsTotalData,20230625,20231222
17,0.1,24,0,PerfoStatsTotalData,20230625,20231222
37,0.3,1262,2.1,PerfoStatsTotalData,20230625,20231222
78,0.7,305,0.5,PerfoStatsTotalData,20230625,20231222
1891,16.6,5757,9.6,PerfoStatsTotalData,20230625,20231222
211,1.9,739,1.2,PerfoStatsTotalData,20230625,20231222
395,3.5,1849,3.1,PerfoStatsTotalData,20230625,20231222
722,6.3,830,1.4,PerfoStatsTotalData,20230625,20231222
112,1.,133,0.2,PerfoStatsTotalData,20230625,20231222
199,1.7,285,0.5,PerfoStatsTotalData,20230625,20231222
90,0.8,141,0.2,PerfoStatsTotalData,20230625,20231222
6,0.1,8,0,PerfoStatsTotalData,20230625,20231222
94,0.8,1661,2.8,PerfoStatsTotalData,20230625,20231222
62,0.5,111,0.2,PerfoStatsTotalData,20230625,20231222
925,8.1,2848,4.8,PerfoStatsTotalData,20230625,20231222
110,1.,995,1.7,PerfoStatsTotalData,20230625,20231222
178,1.6,784,1.3,PerfoStatsTotalData,20230625,20231222
370,3.3,421,0.7,PerfoStatsTotalData,20230625,20231222
41,0.4,64,0.1,PerfoStatsTotalData,20230625,20231222
110,1.,161,0.3,PerfoStatsTotalData,20230625,20231222
38,0.3,75,0.1,PerfoStatsTotalData,20230625,20231222
1,0.,1,0,PerfoStatsTotalData,20230625,20231222
42,0.4,298,0.5,PerfoStatsTotalData,20230625,20231222
35,0.3,49,0.1,PerfoStatsTotalData,20230625,20231222
279,2.5,459,0.8,PerfoStatsTotalData,20230625,20231222
38,0.3,89,0.1,PerfoStatsTotalData,20230625,20231222
40,0.4,106,0.2,PerfoStatsTotalData,20230625,20231222
113,1.,126,0.2,PerfoStatsTotalData,20230625,20231222
24,0.2,26,0,PerfoStatsTotalData,20230625,20231222
37,0.3,51,0.1,PerfoStatsTotalData,20230625,20231222
17,0.1,21,0,PerfoStatsTotalData,20230625,20231222
0,0,0,0,PerfoStatsTotalData,20230625,20231222
5,0.,35,0.1,PerfoStatsTotalData,20230625,20231222
5,0.,5,0,PerfoStatsTotalData,20230625,20231222
2323,20.4,7768,13,PerfoStatsTotalData,20230625,20231222
327,2.9,3210,5.4,PerfoStatsTotalData,20230625,20231222
390,3.4,1978,3.3,PerfoStatsTotalData,20230625,20231222
927,8.1,1078,1.8,PerfoStatsTotalData,20230625,20231222
117,1.,161,0.3,PerfoStatsTotalData,20230625,20231222
325,2.9,415,0.7,PerfoStatsTotalData,20230625,20231222
116,1.,160,0.3,PerfoStatsTotalData,20230625,20231222
5,0.,7,0,PerfoStatsTotalData,20230625,20231222
55,0.5,620,1,PerfoStatsTotalData,20230625,20231222
61,0.5,139,0.2,PerfoStatsTotalData,20230625,20231222
725,6.4,2765,4.6,PerfoStatsTotalData,20230625,20231222
89,0.8,691,1.2,PerfoStatsTotalData,20230625,20231222
157,1.4,732,1.2,PerfoStatsTotalData,20230625,20231222
218,1.9,254,0.4,PerfoStatsTotalData,20230625,20231222
70,0.6,129,0.2,PerfoStatsTotalData,20230625,20231222
93,0.8,113,0.2,PerfoStatsTotalData,20230625,20231222
33,0.3,56,0.1,PerfoStatsTotalData,20230625,20231222
0,0,0,0,PerfoStatsTotalData,20230625,20231222
33,0.3,651,1.1,PerfoStatsTotalData,20230625,20231222
32,0.3,139,0.2,PerfoStatsTotalData,20230625,20231222
163,1.4,1039,1.7,PerfoStatsTotalData,20230625,20231222
28,0.2,550,0.9,PerfoStatsTotalData,20230625,20231222
26,0.2,331,0.6,PerfoStatsTotalData,20230625,20231222
55,0.5,70,0.1,PerfoStatsTotalData,20230625,20231222
4,0.,4,0,PerfoStatsTotalData,20230625,20231222
19,0.2,22,0,PerfoStatsTotalData,20230625,20231222
19,0.2,24,0,PerfoStatsTotalData,20230625,20231222
1,0.,1,0,PerfoStatsTotalData,20230625,20231222
5,0.,25,0,PerfoStatsTotalData,20230625,20231222
6,0.1,12,0,PerfoStatsTotalData,20230625,20231222
11384,100.,59870,100,PerfoStatsTotalData,20230625,20231222
4239,47.9,38485,66.5,PerfoStatsTotalData,20231223,20240620
608,6.9,18783,32.5,PerfoStatsTotalData,20231223,20240620
288,3.3,13394,23.1,PerfoStatsTotalData,20231223,20240620
1732,19.6,2018,3.5,PerfoStatsTotalData,20231223,20240620
272,3.1,495,0.9,PerfoStatsTotalData,20231223,20240620
1081,12.2,1992,3.4,PerfoStatsTotalData,20231223,20240620
138,1.6,344,0.6,PerfoStatsTotalData,20231223,20240620
19,0.2,26,0,PerfoStatsTotalData,20231223,20240620
52,0.6,1237,2.1,PerfoStatsTotalData,20231223,20240620
49,0.6,196,0.3,PerfoStatsTotalData,20231223,20240620
1410,15.9,5934,10.3,PerfoStatsTotalData,20231223,20240620
105,1.2,450,0.8,PerfoStatsTotalData,20231223,20240620
372,4.2,2391,4.1,PerfoStatsTotalData,20231223,20240620
526,5.9,631,1.1,PerfoStatsTotalData,20231223,20240620
36,0.4,60,0.1,PerfoStatsTotalData,20231223,20240620
185,2.1,303,0.5,PerfoStatsTotalData,20231223,20240620
34,0.4,66,0.1,PerfoStatsTotalData,20231223,20240620
12,0.1,14,0,PerfoStatsTotalData,20231223,20240620
118,1.3,1969,3.4,PerfoStatsTotalData,20231223,20240620
22,0.2,50,0.1,PerfoStatsTotalData,20231223,20240620
657,7.4,2590,4.5,PerfoStatsTotalData,20231223,20240620
51,0.6,1047,1.8,PerfoStatsTotalData,20231223,20240620
171,1.9,825,1.4,PerfoStatsTotalData,20231223,20240620
246,2.8,297,0.5,PerfoStatsTotalData,20231223,20240620
25,0.3,41,0.1,PerfoStatsTotalData,20231223,20240620
90,1.,128,0.2,PerfoStatsTotalData,20231223,20240620
11,0.1,30,0.1,PerfoStatsTotalData,20231223,20240620
1,0.,1,0,PerfoStatsTotalData,20231223,20240620
48,0.5,206,0.4,PerfoStatsTotalData,20231223,20240620
14,0.2,15,0,PerfoStatsTotalData,20231223,20240620
190,2.1,376,0.6,PerfoStatsTotalData,20231223,20240620
20,0.2,52,0.1,PerfoStatsTotalData,20231223,20240620
51,0.6,159,0.3,PerfoStatsTotalData,20231223,20240620
60,0.7,71,0.1,PerfoStatsTotalData,20231223,20240620
10,0.1,10,0,PerfoStatsTotalData,20231223,20240620
22,0.2,30,0.1,PerfoStatsTotalData,20231223,20240620
8,0.1,10,0,PerfoStatsTotalData,20231223,20240620
0,0,0,0,PerfoStatsTotalData,20231223,20240620
11,0.1,27,0,PerfoStatsTotalData,20231223,20240620
8,0.1,17,0,PerfoStatsTotalData,20231223,20240620
1710,19.3,7146,12.3,PerfoStatsTotalData,20231223,20240620
158,1.8,2680,4.6,PerfoStatsTotalData,20231223,20240620
353,4.,2261,3.9,PerfoStatsTotalData,20231223,20240620
691,7.8,804,1.4,PerfoStatsTotalData,20231223,20240620
61,0.7,99,0.2,PerfoStatsTotalData,20231223,20240620
238,2.7,315,0.5,PerfoStatsTotalData,20231223,20240620
59,0.7,100,0.2,PerfoStatsTotalData,20231223,20240620
8,0.1,8,0,PerfoStatsTotalData,20231223,20240620
111,1.3,835,1.4,PerfoStatsTotalData,20231223,20240620
31,0.4,44,0.1,PerfoStatsTotalData,20231223,20240620
536,6.1,2493,4.3,PerfoStatsTotalData,20231223,20240620
36,0.4,471,0.8,PerfoStatsTotalData,20231223,20240620
126,1.4,777,1.3,PerfoStatsTotalData,20231223,20240620
142,1.6,167,0.3,PerfoStatsTotalData,20231223,20240620
65,0.7,93,0.2,PerfoStatsTotalData,20231223,20240620
93,1.1,122,0.2,PerfoStatsTotalData,20231223,20240620
9,0.1,19,0,PerfoStatsTotalData,20231223,20240620
2,0.,3,0,PerfoStatsTotalData,20231223,20240620
42,0.5,776,1.3,PerfoStatsTotalData,20231223,20240620
21,0.2,65,0.1,PerfoStatsTotalData,20231223,20240620
99,1.1,848,1.5,PerfoStatsTotalData,20231223,20240620
10,0.1,316,0.5,PerfoStatsTotalData,20231223,20240620
26,0.3,301,0.5,PerfoStatsTotalData,20231223,20240620
31,0.4,177,0.3,PerfoStatsTotalData,20231223,20240620
4,0.,4,0,PerfoStatsTotalData,20231223,20240620
15,0.2,18,0,PerfoStatsTotalData,20231223,20240620
1,0.,1,0,PerfoStatsTotalData,20231223,20240620
0,0,0,0,PerfoStatsTotalData,20231223,20240620
4,0.,16,0,PerfoStatsTotalData,20231223,20240620
8,0.1,15,0,PerfoStatsTotalData,20231223,20240620
8841,100.,57872,100,PerfoStatsTotalData,20231223,20240620
5344,44.5,41094,65.1,PerfoStatsTotalData,20240621,20241218
830,6.9,20421,32.3,PerfoStatsTotalData,20240621,20241218
322,2.7,13608,21.5,PerfoStatsTotalData,20240621,20241218
2114,17.6,2468,3.9,PerfoStatsTotalData,20240621,20241218
384,3.2,633,1,PerfoStatsTotalData,20240621,20241218
1261,10.5,2259,3.6,PerfoStatsTotalData,20240621,20241218
259,2.2,541,0.9,PerfoStatsTotalData,20240621,20241218
10,0.1,13,0,PerfoStatsTotalData,20240621,20241218
59,0.5,892,1.4,PerfoStatsTotalData,20240621,20241218
105,0.9,259,0.4,PerfoStatsTotalData,20240621,20241218
2086,17.4,6643,10.5,PerfoStatsTotalData,20240621,20241218
258,2.1,763,1.2,PerfoStatsTotalData,20240621,20241218
398,3.3,2331,3.7,PerfoStatsTotalData,20240621,20241218
786,6.5,946,1.5,PerfoStatsTotalData,20240621,20241218
120,1.,155,0.2,PerfoStatsTotalData,20240621,20241218
268,2.2,439,0.7,PerfoStatsTotalData,20240621,20241218
77,0.6,125,0.2,PerfoStatsTotalData,20240621,20241218
6,0.,7,0,PerfoStatsTotalData,20240621,20241218
115,1.,1784,2.8,PerfoStatsTotalData,20240621,20241218
58,0.5,93,0.1,PerfoStatsTotalData,20240621,20241218
908,7.6,3137,5,PerfoStatsTotalData,20240621,20241218
126,1.,1361,2.2,PerfoStatsTotalData,20240621,20241218
174,1.4,795,1.3,PerfoStatsTotalData,20240621,20241218
338,2.8,386,0.6,PerfoStatsTotalData,20240621,20241218
64,0.5,103,0.2,PerfoStatsTotalData,20240621,20241218
94,0.8,127,0.2,PerfoStatsTotalData,20240621,20241218
42,0.3,74,0.1,PerfoStatsTotalData,20240621,20241218
2,0.,2,0,PerfoStatsTotalData,20240621,20241218
42,0.3,252,0.4,PerfoStatsTotalData,20240621,20241218
26,0.2,37,0.1,PerfoStatsTotalData,20240621,20241218
358,3.,726,1.1,PerfoStatsTotalData,20240621,20241218
58,0.5,252,0.4,PerfoStatsTotalData,20240621,20241218
48,0.4,163,0.3,PerfoStatsTotalData,20240621,20241218
147,1.2,153,0.2,PerfoStatsTotalData,20240621,20241218
28,0.2,30,0,PerfoStatsTotalData,20240621,20241218
40,0.3,56,0.1,PerfoStatsTotalData,20240621,20241218
13,0.1,16,0,PerfoStatsTotalData,20240621,20241218
0,0,0,0,PerfoStatsTotalData,20240621,20241218
13,0.1,33,0.1,PerfoStatsTotalData,20240621,20241218
11,0.1,23,0,PerfoStatsTotalData,20240621,20241218
2433,20.2,7854,12.4,PerfoStatsTotalData,20240621,20241218
364,3.,3255,5.2,PerfoStatsTotalData,20240621,20241218
357,3.,1832,2.9,PerfoStatsTotalData,20240621,20241218
933,7.8,1086,1.7,PerfoStatsTotalData,20240621,20241218
140,1.2,181,0.3,PerfoStatsTotalData,20240621,20241218
357,3.,446,0.7,PerfoStatsTotalData,20240621,20241218
128,1.1,178,0.3,PerfoStatsTotalData,20240621,20241218
1,0.,1,0,PerfoStatsTotalData,20240621,20241218
103,0.9,820,1.3,PerfoStatsTotalData,20240621,20241218
50,0.4,55,0.1,PerfoStatsTotalData,20240621,20241218
787,6.5,2860,4.5,PerfoStatsTotalData,20240621,20241218
103,0.9,573,0.9,PerfoStatsTotalData,20240621,20241218
148,1.2,792,1.3,PerfoStatsTotalData,20240621,20241218
196,1.6,249,0.4,PerfoStatsTotalData,20240621,20241218
130,1.1,215,0.3,PerfoStatsTotalData,20240621,20241218
111,0.9,156,0.2,PerfoStatsTotalData,20240621,20241218
27,0.2,44,0.1,PerfoStatsTotalData,20240621,20241218
0,0,0,0,PerfoStatsTotalData,20240621,20241218
46,0.4,737,1.2,PerfoStatsTotalData,20240621,20241218
26,0.2,94,0.1,PerfoStatsTotalData,20240621,20241218
103,0.9,837,1.3,PerfoStatsTotalData,20240621,20241218
15,0.1,238,0.4,PerfoStatsTotalData,20240621,20241218
22,0.2,280,0.4,PerfoStatsTotalData,20240621,20241218
24,0.2,197,0.3,PerfoStatsTotalData,20240621,20241218
3,0.,3,0,PerfoStatsTotalData,20240621,20241218
21,0.2,26,0,PerfoStatsTotalData,20240621,20241218
6,0.,7,0,PerfoStatsTotalData,20240621,20241218
0,0,0,0,PerfoStatsTotalData,20240621,20241218
5,0.,19,0,PerfoStatsTotalData,20240621,20241218
7,0.1,67,0.1,PerfoStatsTotalData,20240621,20241218
12019,100.,63151,100,PerfoStatsTotalData,20240621,20241218
4652,47.5,43390,67.2,PerfoStatsTotalData,20241219,20250617
674,6.9,21575,33.4,PerfoStatsTotalData,20241219,20250617
312,3.2,15120,23.4,PerfoStatsTotalData,20241219,20250617
1807,18.4,2189,3.4,PerfoStatsTotalData,20241219,20250617
267,2.7,499,0.8,PerfoStatsTotalData,20241219,20250617
1325,13.5,2521,3.9,PerfoStatsTotalData,20241219,20250617
164,1.7,421,0.7,PerfoStatsTotalData,20241219,20250617
16,0.2,18,0,PerfoStatsTotalData,20241219,20250617
48,0.5,985,1.5,PerfoStatsTotalData,20241219,20250617
39,0.4,62,0.1,PerfoStatsTotalData,20241219,20250617
1649,16.8,6778,10.5,PerfoStatsTotalData,20241219,20250617
133,1.4,527,0.8,PerfoStatsTotalData,20241219,20250617
431,4.4,2657,4.1,PerfoStatsTotalData,20241219,20250617
574,5.9,909,1.4,PerfoStatsTotalData,20241219,20250617
71,0.7,89,0.1,PerfoStatsTotalData,20241219,20250617
212,2.2,403,0.6,PerfoStatsTotalData,20241219,20250617
56,0.6,106,0.2,PerfoStatsTotalData,20241219,20250617
11,0.1,13,0,PerfoStatsTotalData,20241219,20250617
140,1.4,2040,3.2,PerfoStatsTotalData,20241219,20250617
21,0.2,34,0.1,PerfoStatsTotalData,20241219,20250617
735,7.5,2809,4.3,PerfoStatsTotalData,20241219,20250617
79,0.8,869,1.3,PerfoStatsTotalData,20241219,20250617
176,1.8,997,1.5,PerfoStatsTotalData,20241219,20250617
243,2.5,289,0.4,PerfoStatsTotalData,20241219,20250617
46,0.5,79,0.1,PerfoStatsTotalData,20241219,20250617
93,0.9,119,0.2,PerfoStatsTotalData,20241219,20250617
16,0.2,43,0.1,PerfoStatsTotalData,20241219,20250617
2,0.,2,0,PerfoStatsTotalData,20241219,20250617
65,0.7,353,0.5,PerfoStatsTotalData,20241219,20250617
15,0.2,58,0.1,PerfoStatsTotalData,20241219,20250617
199,2.,448,0.7,PerfoStatsTotalData,20241219,20250617
27,0.3,126,0.2,PerfoStatsTotalData,20241219,20250617
48,0.5,144,0.2,PerfoStatsTotalData,20241219,20250617
55,0.6,59,0.1,PerfoStatsTotalData,20241219,20250617
14,0.1,20,0,PerfoStatsTotalData,20241219,20250617
31,0.3,36,0.1,PerfoStatsTotalData,20241219,20250617
4,0.,8,0,PerfoStatsTotalData,20241219,20250617
0,0,0,0,PerfoStatsTotalData,20241219,20250617
16,0.2,46,0.1,PerfoStatsTotalData,20241219,20250617
4,0.,9,0,PerfoStatsTotalData,20241219,20250617
1860,19.,7762,12,PerfoStatsTotalData,20241219,20250617
180,1.8,2995,4.6,PerfoStatsTotalData,20241219,20250617
388,4.,2171,3.4,PerfoStatsTotalData,20241219,20250617
686,7.,891,1.4,PerfoStatsTotalData,20241219,20250617
72,0.7,107,0.2,PerfoStatsTotalData,20241219,20250617
302,3.1,376,0.6,PerfoStatsTotalData,20241219,20250617
59,0.6,98,0.2,PerfoStatsTotalData,20241219,20250617
8,0.1,10,0,PerfoStatsTotalData,20241219,20250617
128,1.3,1061,1.6,PerfoStatsTotalData,20241219,20250617
37,0.4,53,0.1,PerfoStatsTotalData,20241219,20250617
574,5.9,2459,3.8,PerfoStatsTotalData,20241219,20250617
59,0.6,446,0.7,PerfoStatsTotalData,20241219,20250617
139,1.4,859,1.3,PerfoStatsTotalData,20241219,20250617
144,1.5,172,0.3,PerfoStatsTotalData,20241219,20250617
55,0.6,67,0.1,PerfoStatsTotalData,20241219,20250617
94,1.,132,0.2,PerfoStatsTotalData,20241219,20250617
21,0.2,36,0.1,PerfoStatsTotalData,20241219,20250617
1,0.,1,0,PerfoStatsTotalData,20241219,20250617
43,0.4,716,1.1,PerfoStatsTotalData,20241219,20250617
18,0.2,30,0,PerfoStatsTotalData,20241219,20250617
128,1.3,931,1.4,PerfoStatsTotalData,20241219,20250617
19,0.2,329,0.5,PerfoStatsTotalData,20241219,20250617
29,0.3,327,0.5,PerfoStatsTotalData,20241219,20250617
44,0.4,195,0.3,PerfoStatsTotalData,20241219,20250617
7,0.1,13,0,PerfoStatsTotalData,20241219,20250617
9,0.1,10,0,PerfoStatsTotalData,20241219,20250617
4,0.,5,0,PerfoStatsTotalData,20241219,20250617
1,0.,1,0,PerfoStatsTotalData,20241219,20250617
10,0.1,36,0.1,PerfoStatsTotalData,20241219,20250617
5,0.1,15,0,PerfoStatsTotalData,20241219,20250617
9797,100.,64577,100,PerfoStatsTotalData,20241219,20250617
6001,45.3,45337,65.6,PerfoStatsTotalData,20250618,20251215
1088,8.2,22329,32.3,PerfoStatsTotalData,20250618,20251215
343,2.6,14982,21.7,PerfoStatsTotalData,20250618,20251215
2138,16.1,2573,3.7,PerfoStatsTotalData,20250618,20251215
376,2.8,736,1.1,PerfoStatsTotalData,20250618,20251215
1601,12.1,2787,4,PerfoStatsTotalData,20250618,20251215
322,2.4,776,1.1,PerfoStatsTotalData,20250618,20251215
14,0.1,19,0,PerfoStatsTotalData,20250618,20251215
47,0.4,980,1.4,PerfoStatsTotalData,20250618,20251215
72,0.5,155,0.2,PerfoStatsTotalData,20250618,20251215
2194,16.6,7105,10.3,PerfoStatsTotalData,20250618,20251215
288,2.2,764,1.1,PerfoStatsTotalData,20250618,20251215
442,3.3,2486,3.6,PerfoStatsTotalData,20250618,20251215
750,5.7,1051,1.5,PerfoStatsTotalData,20250618,20251215
120,0.9,168,0.2,PerfoStatsTotalData,20250618,20251215
308,2.3,504,0.7,PerfoStatsTotalData,20250618,20251215
105,0.8,151,0.2,PerfoStatsTotalData,20250618,20251215
11,0.1,15,0,PerfoStatsTotalData,20250618,20251215
118,0.9,1897,2.7,PerfoStatsTotalData,20250618,20251215
52,0.4,69,0.1,PerfoStatsTotalData,20250618,20251215
1000,7.6,3138,4.5,PerfoStatsTotalData,20250618,20251215
141,1.1,1042,1.5,PerfoStatsTotalData,20250618,20251215
195,1.5,1052,1.5,PerfoStatsTotalData,20250618,20251215
353,2.7,403,0.6,PerfoStatsTotalData,20250618,20251215
74,0.6,117,0.2,PerfoStatsTotalData,20250618,20251215
131,1.,155,0.2,PerfoStatsTotalData,20250618,20251215
34,0.3,55,0.1,PerfoStatsTotalData,20250618,20251215
1,0.,1,0,PerfoStatsTotalData,20250618,20251215
47,0.4,272,0.4,PerfoStatsTotalData,20250618,20251215
24,0.2,41,0.1,PerfoStatsTotalData,20250618,20251215
402,3.,735,1.1,PerfoStatsTotalData,20250618,20251215
87,0.7,238,0.3,PerfoStatsTotalData,20250618,20251215
54,0.4,172,0.2,PerfoStatsTotalData,20250618,20251215
148,1.1,160,0.2,PerfoStatsTotalData,20250618,20251215
36,0.3,62,0.1,PerfoStatsTotalData,20250618,20251215
33,0.2,37,0.1,PerfoStatsTotalData,20250618,20251215
29,0.2,35,0.1,PerfoStatsTotalData,20250618,20251215
0,0,0,0,PerfoStatsTotalData,20250618,20251215
9,0.1,25,0,PerfoStatsTotalData,20250618,20251215
6,0.,6,0,PerfoStatsTotalData,20250618,20251215
2600,19.6,8817,12.8,PerfoStatsTotalData,20250618,20251215
360,2.7,3053,4.4,PerfoStatsTotalData,20250618,20251215
477,3.6,2647,3.8,PerfoStatsTotalData,20250618,20251215
1040,7.9,1273,1.8,PerfoStatsTotalData,20250618,20251215
106,0.8,142,0.2,PerfoStatsTotalData,20250618,20251215
343,2.6,414,0.6,PerfoStatsTotalData,20250618,20251215
113,0.9,151,0.2,PerfoStatsTotalData,20250618,20251215
3,0.,4,0,PerfoStatsTotalData,20250618,20251215
115,0.9,1080,1.6,PerfoStatsTotalData,20250618,20251215
43,0.3,53,0.1,PerfoStatsTotalData,20250618,20251215
881,6.7,2891,4.2,PerfoStatsTotalData,20250618,20251215
116,0.9,568,0.8,PerfoStatsTotalData,20250618,20251215
194,1.5,965,1.4,PerfoStatsTotalData,20250618,20251215
220,1.7,268,0.4,PerfoStatsTotalData,20250618,20251215
147,1.1,216,0.3,PerfoStatsTotalData,20250618,20251215
111,0.8,175,0.3,PerfoStatsTotalData,20250618,20251215
39,0.3,55,0.1,PerfoStatsTotalData,20250618,20251215
0,0,0,0,PerfoStatsTotalData,20250618,20251215
33,0.2,612,0.9,PerfoStatsTotalData,20250618,20251215
21,0.2,32,0,PerfoStatsTotalData,20250618,20251215
164,1.2,1059,1.5,PerfoStatsTotalData,20250618,20251215
33,0.2,448,0.6,PerfoStatsTotalData,20250618,20251215
31,0.2,373,0.5,PerfoStatsTotalData,20250618,20251215
41,0.3,147,0.2,PerfoStatsTotalData,20250618,20251215
15,0.1,19,0,PerfoStatsTotalData,20250618,20251215
17,0.1,20,0,PerfoStatsTotalData,20250618,20251215
17,0.1,26,0,PerfoStatsTotalData,20250618,20251215
0,0,0,0,PerfoStatsTotalData,20250618,20251215
3,0.,7,0,PerfoStatsTotalData,20250618,20251215
7,0.1,19,0,PerfoStatsTotalData,20250618,20251215
13242,100.,69082,100,PerfoStatsTotalData,20250618,20251215
5064,47.2,46152,68.4,PerfoStatsTotalData,20251216,20260614
780,7.3,24408,36.2,PerfoStatsTotalData,20251216,20260614
348,3.2,14593,21.6,PerfoStatsTotalData,20251216,20260614
1795,16.7,2111,3.1,PerfoStatsTotalData,20251216,20260614
266,2.5,621,0.9,PerfoStatsTotalData,20251216,20260614
1577,14.7,2855,4.2,PerfoStatsTotalData,20251216,20260614
187,1.7,463,0.7,PerfoStatsTotalData,20251216,20260614
11,0.1,11,0,PerfoStatsTotalData,20251216,20260614
43,0.4,964,1.4,PerfoStatsTotalData,20251216,20260614
57,0.5,126,0.2,PerfoStatsTotalData,20251216,20260614
1871,17.5,7057,10.5,PerfoStatsTotalData,20251216,20260614
156,1.5,643,1,PerfoStatsTotalData,20251216,20260614
541,5.,3135,4.6,PerfoStatsTotalData,20251216,20260614
611,5.7,796,1.2,PerfoStatsTotalData,20251216,20260614
65,0.6,118,0.2,PerfoStatsTotalData,20251216,20260614
276,2.6,488,0.7,PerfoStatsTotalData,20251216,20260614
56,0.5,93,0.1,PerfoStatsTotalData,20251216,20260614
14,0.1,16,0,PerfoStatsTotalData,20251216,20260614
126,1.2,1736,2.6,PerfoStatsTotalData,20251216,20260614
26,0.2,32,0,PerfoStatsTotalData,20251216,20260614
816,7.6,3095,4.6,PerfoStatsTotalData,20251216,20260614
99,0.9,946,1.4,PerfoStatsTotalData,20251216,20260614
218,2.,1249,1.9,PerfoStatsTotalData,20251216,20260614
250,2.3,295,0.4,PerfoStatsTotalData,20251216,20260614
45,0.4,69,0.1,PerfoStatsTotalData,20251216,20260614
115,1.1,137,0.2,PerfoStatsTotalData,20251216,20260614
14,0.1,45,0.1,PerfoStatsTotalData,20251216,20260614
2,0.,3,0,PerfoStatsTotalData,20251216,20260614
56,0.5,332,0.5,PerfoStatsTotalData,20251216,20260614
17,0.2,19,0,PerfoStatsTotalData,20251216,20260614
231,2.2,481,0.7,PerfoStatsTotalData,20251216,20260614
40,0.4,114,0.2,PerfoStatsTotalData,20251216,20260614
53,0.5,169,0.3,PerfoStatsTotalData,20251216,20260614
73,0.7,80,0.1,PerfoStatsTotalData,20251216,20260614
12,0.1,26,0,PerfoStatsTotalData,20251216,20260614
23,0.2,34,0.1,PerfoStatsTotalData,20251216,20260614
10,0.1,15,0,PerfoStatsTotalData,20251216,20260614
0,0,0,0,PerfoStatsTotalData,20251216,20260614
16,0.1,39,0.1,PerfoStatsTotalData,20251216,20260614
4,0.,4,0,PerfoStatsTotalData,20251216,20260614
1975,18.4,7416,11,PerfoStatsTotalData,20251216,20260614
203,1.9,2849,4.2,PerfoStatsTotalData,20251216,20260614
396,3.7,2041,3,PerfoStatsTotalData,20251216,20260614
775,7.2,941,1.4,PerfoStatsTotalData,20251216,20260614
62,0.6,73,0.1,PerfoStatsTotalData,20251216,20260614
321,3.,422,0.6,PerfoStatsTotalData,20251216,20260614
62,0.6,95,0.1,PerfoStatsTotalData,20251216,20260614
5,0.,6,0,PerfoStatsTotalData,20251216,20260614
116,1.1,941,1.4,PerfoStatsTotalData,20251216,20260614
35,0.3,48,0.1,PerfoStatsTotalData,20251216,20260614
637,5.9,2465,3.7,PerfoStatsTotalData,20251216,20260614
66,0.6,476,0.7,PerfoStatsTotalData,20251216,20260614
193,1.8,1007,1.5,PerfoStatsTotalData,20251216,20260614
142,1.3,167,0.2,PerfoStatsTotalData,20251216,20260614
81,0.8,93,0.1,PerfoStatsTotalData,20251216,20260614
80,0.7,122,0.2,PerfoStatsTotalData,20251216,20260614
23,0.2,41,0.1,PerfoStatsTotalData,20251216,20260614
1,0.,2,0,PerfoStatsTotalData,20251216,20260614
42,0.4,546,0.8,PerfoStatsTotalData,20251216,20260614
9,0.1,11,0,PerfoStatsTotalData,20251216,20260614
126,1.2,770,1.1,PerfoStatsTotalData,20251216,20260614
18,0.2,249,0.4,PerfoStatsTotalData,20251216,20260614
21,0.2,284,0.4,PerfoStatsTotalData,20251216,20260614
49,0.5,162,0.2,PerfoStatsTotalData,20251216,20260614
4,0.,5,0,PerfoStatsTotalData,20251216,20260614
17,0.2,22,0,PerfoStatsTotalData,20251216,20260614
2,0.,2,0,PerfoStatsTotalData,20251216,20260614
0,0,0,0,PerfoStatsTotalData,20251216,20260614
12,0.1,41,0.1,PerfoStatsTotalData,20251216,20260614
3,0.,5,0,PerfoStatsTotalData,20251216,20260614
10720,100.,67436,100,PerfoStatsTotalData,20251216,20260614
296,46.8,2187,69.6,PerfoStatsTotalData,20260615,20260624
68,10.7,1206,38.4,PerfoStatsTotalData,20260615,20260624
12,1.9,612,19.5,PerfoStatsTotalData,20260615,20260624
113,17.9,132,4.2,PerfoStatsTotalData,20260615,20260624
16,2.5,34,1.1,PerfoStatsTotalData,20260615,20260624
64,10.1,137,4.4,PerfoStatsTotalData,20260615,20260624
15,2.4,30,1,PerfoStatsTotalData,20260615,20260624
0,0,0,0,PerfoStatsTotalData,20260615,20260624
4,0.6,29,0.9,PerfoStatsTotalData,20260615,20260624
4,0.6,7,0.2,PerfoStatsTotalData,20260615,20260624
101,16.,285,9.1,PerfoStatsTotalData,20260615,20260624
12,1.9,31,1,PerfoStatsTotalData,20260615,20260624
24,3.8,131,4.2,PerfoStatsTotalData,20260615,20260624
38,6.,41,1.3,PerfoStatsTotalData,20260615,20260624
4,0.6,9,0.3,PerfoStatsTotalData,20260615,20260624
8,1.3,18,0.6,PerfoStatsTotalData,20260615,20260624
9,1.4,12,0.4,PerfoStatsTotalData,20260615,20260624
0,0,0,0,PerfoStatsTotalData,20260615,20260624
3,0.5,39,1.2,PerfoStatsTotalData,20260615,20260624
3,0.5,4,0.1,PerfoStatsTotalData,20260615,20260624
45,7.1,135,4.3,PerfoStatsTotalData,20260615,20260624
4,0.6,45,1.4,PerfoStatsTotalData,20260615,20260624
8,1.3,45,1.4,PerfoStatsTotalData,20260615,20260624
20,3.2,20,0.6,PerfoStatsTotalData,20260615,20260624
4,0.6,6,0.2,PerfoStatsTotalData,20260615,20260624
6,0.9,7,0.2,PerfoStatsTotalData,20260615,20260624
1,0.2,1,0,PerfoStatsTotalData,20260615,20260624
0,0,0,0,PerfoStatsTotalData,20260615,20260624
1,0.2,9,0.3,PerfoStatsTotalData,20260615,20260624
1,0.2,2,0.1,PerfoStatsTotalData,20260615,20260624
14,2.2,29,0.9,PerfoStatsTotalData,20260615,20260624
6,0.9,13,0.4,PerfoStatsTotalData,20260615,20260624
4,0.6,11,0.4,PerfoStatsTotalData,20260615,20260624
2,0.3,2,0.1,PerfoStatsTotalData,20260615,20260624
1,0.2,2,0.1,PerfoStatsTotalData,20260615,20260624
1,0.2,1,0,PerfoStatsTotalData,20260615,20260624
0,0,0,0,PerfoStatsTotalData,20260615,20260624
0,0,0,0,PerfoStatsTotalData,20260615,20260624
0,0,0,0,PerfoStatsTotalData,20260615,20260624
0,0,0,0,PerfoStatsTotalData,20260615,20260624
130,20.5,351,11.2,PerfoStatsTotalData,20260615,20260624
13,2.1,107,3.4,PerfoStatsTotalData,20260615,20260624
28,4.4,107,3.4,PerfoStatsTotalData,20260615,20260624
48,7.6,54,1.7,PerfoStatsTotalData,20260615,20260624
7,1.1,7,0.2,PerfoStatsTotalData,20260615,20260624
24,3.8,31,1,PerfoStatsTotalData,20260615,20260624
1,0.2,1,0,PerfoStatsTotalData,20260615,20260624
0,0,0,0,PerfoStatsTotalData,20260615,20260624
4,0.6,39,1.2,PerfoStatsTotalData,20260615,20260624
5,0.8,5,0.2,PerfoStatsTotalData,20260615,20260624
41,6.5,119,3.8,PerfoStatsTotalData,20260615,20260624
7,1.1,28,0.9,PerfoStatsTotalData,20260615,20260624
6,0.9,28,0.9,PerfoStatsTotalData,20260615,20260624
10,1.6,11,0.4,PerfoStatsTotalData,20260615,20260624
8,1.3,10,0.3,PerfoStatsTotalData,20260615,20260624
2,0.3,6,0.2,PerfoStatsTotalData,20260615,20260624
2,0.3,3,0.1,PerfoStatsTotalData,20260615,20260624
0,0,0,0,PerfoStatsTotalData,20260615,20260624
6,0.9,33,1.1,PerfoStatsTotalData,20260615,20260624
0,0,0,0,PerfoStatsTotalData,20260615,20260624
6,0.9,34,1.1,PerfoStatsTotalData,20260615,20260624
1,0.2,11,0.4,PerfoStatsTotalData,20260615,20260624
0,0,13,0.4,PerfoStatsTotalData,20260615,20260624
3,0.5,6,0.2,PerfoStatsTotalData,20260615,20260624
0,0,0,0,PerfoStatsTotalData,20260615,20260624
1,0.2,2,0.1,PerfoStatsTotalData,20260615,20260624
0,0,0,0,PerfoStatsTotalData,20260615,20260624
0,0,0,0,PerfoStatsTotalData,20260615,20260624
1,0.2,2,0.1,PerfoStatsTotalData,20260615,20260624
0,0,0,0,PerfoStatsTotalData,20260615,20260624
633,100.,3140,100,PerfoStatsTotalData,20260615,20260624
