video_id,matched_perf_id,matched_title,video_title,high_confidence_other_work,low_confidence_other_work,video_url,confidence
hgmOaltfVg0,PF225029,"오페라 하이라이트 페스타, 카르멘 [화성]",[오페라 하이라이트 페스타2023_(재)예술경영지원센터 2023 공연유통협력지원사업] 공연예술창작소 예술은감자다,,"[('PF225031', '오텔로'), ('PF216125', '오텔로'), ('PF225030', '봄봄'), ('PF217047', '봄봄')]",https://www.youtube.com/watch?v=hgmOaltfVg0,low
qpidVEqSXx0,PF248660,이희문 프로젝트: 오방신과 스팽글 [부천],➁ 이희문프로젝트 오방신과 &#39;지화자 좋아&#39;ㅣ부천시민회관 (241109),,"[('PF288988', '오방신과')]",https://www.youtube.com/watch?v=qpidVEqSXx0,low
5VMtEpUFgXk,PF248660,이희문 프로젝트: 오방신과 스팽글 [부천],➀ 이희문프로젝트 오방신과 &#39;지화자 좋아&#39;ㅣ부천시민회관 (241109),,"[('PF288988', '오방신과')]",https://www.youtube.com/watch?v=5VMtEpUFgXk,low
WfulzH_JAh8,PF248660,이희문 프로젝트: 오방신과 스팽글 [부천],이희문소리꾼✨️하이라이트모음✨️국악&amp;락밴드 두가지매력 ✨️오방신과 스팽글✨️ 국가무형문화재 제57호 #이희문,,"[('PF288988', '오방신과')]",https://www.youtube.com/watch?v=WfulzH_JAh8,low
9pkX3UQlmD8,PF248660,이희문 프로젝트: 오방신과 스팽글 [부천],"허송세월,놈놈퇴근길⭐️부천문화재단*설문조사 꼭~ ✨️오방신과스팽글 OBSG #이희문",,"[('PF288988', '오방신과')]",https://www.youtube.com/watch?v=9pkX3UQlmD8,low
BX0AwntSRkE,PF248660,이희문 프로젝트: 오방신과 스팽글 [부천],반짝이는 그사나이🌟이희문프로젝트 🌟Band허송세월 色시한소리꾼🌟 #이희문 #사또카페,,"[('PF288988', '오방신과')]",https://www.youtube.com/watch?v=BX0AwntSRkE,low
6njfyL6GrN8,PF248660,이희문 프로젝트: 오방신과 스팽글 [부천],"신의목소리 빠져든다. 창,민요,재즈,댄스 다된다.💢이희문소리꾼💢 #이희문 #사또카페",,"[('PF288988', '오방신과')]",https://www.youtube.com/watch?v=6njfyL6GrN8,low
Z-3jdjQbySs,PF269631,"국립무용단, 거장의 숨결 Ⅰ: 배정혜, 국수호",[4k] 251220 국립무용단 거장의숨결2 매화를 바라보다 커튼콜 ,,"[('PF269558', '조흥동')]",https://www.youtube.com/watch?v=Z-3jdjQbySs,low
w5cOgBrxE9k,PF269631,"국립무용단, 거장의 숨결 Ⅰ: 배정혜, 국수호",지금 우리가 만나야 할 한국무용의 정수 | 국립무용단 ‘거장의 숨결’,,"[('PF269558', '조흥동')]",https://www.youtube.com/watch?v=w5cOgBrxE9k,low
L6rCaWyoZcg,PF269631,"국립무용단, 거장의 숨결 Ⅰ: 배정혜, 국수호",251202 국립무용단 거장의숨결 오픈리허설 관객과의대화,,"[('PF279779', '거장의 숨결 오픈 리허설')]",https://www.youtube.com/watch?v=L6rCaWyoZcg,low
JEjdSZfr4TQ,PF269631,"국립무용단, 거장의 숨결 Ⅰ: 배정혜, 국수호",[4K] 251217 국립무용단 거장의 숨결1 티벳의 하늘 커튼콜,,"[('PF269558', '조흥동')]",https://www.youtube.com/watch?v=JEjdSZfr4TQ,low
Xx_HNz910JU,PF269631,"국립무용단, 거장의 숨결 Ⅰ: 배정혜, 국수호","[4K] 251217 국립무용단 거장의 숨결1 Soul, 해바라기 커튼콜",,"[('PF269558', '조흥동')]",https://www.youtube.com/watch?v=Xx_HNz910JU,low
MvPbej8lyr0,PF269631,"국립무용단, 거장의 숨결 Ⅰ: 배정혜, 국수호","[4K] 251218 국립무용단 거장의 숨결1 Soul, 해바라기 커튼콜",,"[('PF269558', '조흥동')]",https://www.youtube.com/watch?v=MvPbej8lyr0,low
59c6f9k27Gc,PF252101,"인천시립교향악단 기획연주회, 송년음악회: The Choral",인천시립교향악단 기획연주회 (2024 송년음악회) ‘The Choral‘,,"[('PF278172', '송년음악회')]",https://www.youtube.com/watch?v=59c6f9k27Gc,low
zZ4wxCwAJhs,PF252101,"인천시립교향악단 기획연주회, 송년음악회: The Choral","인천시립교향악단 기획연주회 (2024 송년음악회) l L.v.Beethoven Symphony No.9 in d minor, Op. 125",,"[('PF278172', '송년음악회')]",https://www.youtube.com/watch?v=zZ4wxCwAJhs,low
LaaEGZhBxWQ,PF282099,"서울시국악관현악단, 믹스드 오케스트라",서울시국악관현악단 믹스드 오케스트라 〈넥스트 레벨〉 | 세종문화회관,"[('PF257847', '넥스트 레벨')]","[('PF257847', '넥스트 레벨')]",https://www.youtube.com/watch?v=LaaEGZhBxWQ,high
BlrVu9Catak,PF252272,카운터테너 이동규 리사이틀: Dream Quiter 꿈을 누비는 자 [인천],카운터테너이동규[DavidDQLee]리사이틀 〈Dream Quilter 꿈을 누비는 자〉연말인사말👋 여주 세종국악당 2024.12.21,"[('PF254074', 'Dream Quilter 꿈을 누비는 자'), ('PF251528', 'Dream Quilter 꿈을 누비는 자')]","[('PF247013', '꿈을 누비는 자'), ('PF254074', 'Dream Quilter 꿈을 누비는 자'), ('PF251528', 'Dream Quilter 꿈을 누비는 자')]",https://www.youtube.com/watch?v=BlrVu9Catak,high
EERplsGs6qQ,PF247013,"카운터테너 이동규 리사이틀, Dream Quilter: 꿈을 누비는 자 [홍성]",카운터테너 이동규 리사이틀  Dream Quilter 꿈을 누비는 자.habanera  홍주문화회관 2024.08.30,,"[('PF254074', 'Dream Quilter 꿈을 누비는 자'), ('PF251528', 'Dream Quilter 꿈을 누비는 자')]",https://www.youtube.com/watch?v=EERplsGs6qQ,low
5RyJ_-7LdC4,PF285005,"국립남도국악원 토요상설: 국악이 좋다, 국립남도국악원 국악연주단: 해설이 있는 국악의 향연",260307 토요상설공연 “국립남도국악원 국악연주단 - 해설이 있는 국악의 향연”,,"[('PF285007', '국악의 향연'), ('PF279573', '국악의 향연'), ('PF275931', '국악의 향연'), ('PF274124', '국악의 향연'), ('PF288715', '국악의 향연')]",https://www.youtube.com/watch?v=5RyJ_-7LdC4,low
JKP_Uiy1IfU,PF268347,"광주시립창극단, 판소리 감상회 (7월)",[대학생 서포터즈] 국립광주박물관 x 광주시립창극단 &#39;판소리 감상회&#39; 👏,"[('PF265782', '판소리 감상회'), ('PF236625', '판소리 감상회'), ('PF241998', '판소리 감상회')]","[('PF265782', '판소리 감상회'), ('PF236625', '판소리 감상회'), ('PF241998', '판소리 감상회')]",https://www.youtube.com/watch?v=JKP_Uiy1IfU,high
YDT0aPcL0QM,PF253954,"국립극단, 그의 어머니","250406 연극 그의 어머니(Mother of Him)-관객과의 대화(류주연 연출, 김선영 배우, 김용준 배우)",,"[('PF286730', '그의 어머니 Mother of Him')]",https://www.youtube.com/watch?v=YDT0aPcL0QM,low
QxH2HRiR_nM,PF253954,"국립극단, 그의 어머니",250406 연극 그의 어머니(Mother of Him)-커튼콜,,"[('PF286730', '그의 어머니 Mother of Him')]",https://www.youtube.com/watch?v=QxH2HRiR_nM,low
nCgr4ABDJyI,PF246839,"국립현대무용단, 내가 물에서 본 것","의학 기술에서 몸의 위치는 어디에 있는가? 기술과 몸에 대한 새로운 관점 탐구  &#39;내가 물에서 본 것&#39;ㅣ10.17-19ㅣLG아트센터 서울, LG SIGNATURE 홀",,"[('PF275651', '서울')]",https://www.youtube.com/watch?v=nCgr4ABDJyI,low
KF0RwE3pNg4,PF246839,"국립현대무용단, 내가 물에서 본 것","국립현대무용단 김보라 안무 ‘내가 물에서 본 것’| 10.17-19 | LG아트센터 서울, LG SIGNATURE 홀",,"[('PF275651', '서울')]",https://www.youtube.com/watch?v=KF0RwE3pNg4,low
BNq9Iz3F3nc,PF246839,"국립현대무용단, 내가 물에서 본 것","의학 기술에서 몸의 위치는 어디에 있는가? 기술과 몸에 대한 새로운 관점 탐구 &#39;내가 물에서 본 것&#39;ㅣ10.17-19ㅣLG아트센터 서울, LG SIGNATURE 홀",,"[('PF275651', '서울')]",https://www.youtube.com/watch?v=BNq9Iz3F3nc,low
JTL7megeGHg,PF246839,"국립현대무용단, 내가 물에서 본 것",[2024 SPAF | 협력 공연] 2024 서울국제공연예술제_국립현대무용단 &#39;내가 물에서 본 것&#39;,,"[('PF275651', '서울')]",https://www.youtube.com/watch?v=JTL7megeGHg,low
d6-TeZQBld8,PF242783,"제21회 대구국제오페라축제, 라 트라비아타",제21회 대구국제오페라축제 초청작｜시칠리아 섬의 저녁기도 &amp; 라 트라비아타,,"[('PF242759', '시칠리아 섬의 저녁기도')]",https://www.youtube.com/watch?v=d6-TeZQBld8,low
oRRcl1NX3UA,PF255285,"부산시립국악관현악단 예술교육공연: 재밌는 국악, 신나는 국악",[꿈꾸는 예술학교] 예술교육공연 &#39;재밌는 국악 신나는 국악&#39; | 16.사물놀이,,"[('PF275510', '재밌는 국악 신나는 국악')]",https://www.youtube.com/watch?v=oRRcl1NX3UA,low
uy8ocYnsMzc,PF255285,"부산시립국악관현악단 예술교육공연: 재밌는 국악, 신나는 국악",[꿈꾸는 예술학교] 예술교육공연 &#39;재밌는 국악 신나는 국악&#39; | 12.모듬북,,"[('PF275510', '재밌는 국악 신나는 국악')]",https://www.youtube.com/watch?v=uy8ocYnsMzc,low
R0oqnNdclvA,PF255285,"부산시립국악관현악단 예술교육공연: 재밌는 국악, 신나는 국악",[꿈꾸는 예술학교] 예술교육공연 &#39;재밌는 국악 신나는 국악&#39; | 10.피리,,"[('PF275510', '재밌는 국악 신나는 국악')]",https://www.youtube.com/watch?v=R0oqnNdclvA,low
notmQzOJVhU,PF255285,"부산시립국악관현악단 예술교육공연: 재밌는 국악, 신나는 국악",[꿈꾸는 예술학교] 예술교육공연 &#39;재밌는 국악 신나는 국악&#39; | 3.아쟁,,"[('PF275510', '재밌는 국악 신나는 국악')]",https://www.youtube.com/watch?v=notmQzOJVhU,low
4iBX55tI8tk,PF255285,"부산시립국악관현악단 예술교육공연: 재밌는 국악, 신나는 국악",[꿈꾸는 예술학교] 예술교육공연 &#39;재밌는 국악 신나는 국악&#39; | 15.징,,"[('PF275510', '재밌는 국악 신나는 국악')]",https://www.youtube.com/watch?v=4iBX55tI8tk,low
lAviJkheYNk,PF255285,"부산시립국악관현악단 예술교육공연: 재밌는 국악, 신나는 국악",[꿈꾸는 예술학교] 예술교육공연 &#39;재밌는 국악 신나는 국악&#39; | 2.거문고,,"[('PF275510', '재밌는 국악 신나는 국악')]",https://www.youtube.com/watch?v=lAviJkheYNk,low
JjcQpFbnvsA,PF255285,"부산시립국악관현악단 예술교육공연: 재밌는 국악, 신나는 국악",[꿈꾸는 예술학교] 예술교육공연 &#39;재밌는 국악 신나는 국악&#39; | 8.대금,,"[('PF275510', '재밌는 국악 신나는 국악')]",https://www.youtube.com/watch?v=JjcQpFbnvsA,low
K0GB4tiPDqc,PF255285,"부산시립국악관현악단 예술교육공연: 재밌는 국악, 신나는 국악",[꿈꾸는 예술학교] 예술교육공연 &#39;재밌는 국악 신나는 국악&#39; | 13.북,,"[('PF275510', '재밌는 국악 신나는 국악')]",https://www.youtube.com/watch?v=K0GB4tiPDqc,low
adn9pmubAO8,PF255285,"부산시립국악관현악단 예술교육공연: 재밌는 국악, 신나는 국악",[꿈꾸는 예술학교] 예술교육공연 &#39;재밌는 국악 신나는 국악&#39; | 5.양금,,"[('PF275510', '재밌는 국악 신나는 국악')]",https://www.youtube.com/watch?v=adn9pmubAO8,low
RBCAKhLU3lc,PF255285,"부산시립국악관현악단 예술교육공연: 재밌는 국악, 신나는 국악",[꿈꾸는 예술학교] 예술교육공연 &#39;재밌는 국악 신나는 국악&#39; | 14.장구,,"[('PF275510', '재밌는 국악 신나는 국악')]",https://www.youtube.com/watch?v=RBCAKhLU3lc,low
w7OLbBx8PGc,PF255285,"부산시립국악관현악단 예술교육공연: 재밌는 국악, 신나는 국악",[꿈꾸는 예술학교] 예술교육공연 &#39;재밌는 국악 신나는 국악&#39; | 11.꽹과리,,"[('PF275510', '재밌는 국악 신나는 국악')]",https://www.youtube.com/watch?v=w7OLbBx8PGc,low
DzH9q0nMAjo,PF255285,"부산시립국악관현악단 예술교육공연: 재밌는 국악, 신나는 국악",[꿈꾸는 예술학교] 예술교육공연 &#39;재밌는 국악 신나는 국악&#39; | 1.가야금,,"[('PF275510', '재밌는 국악 신나는 국악')]",https://www.youtube.com/watch?v=DzH9q0nMAjo,low
FRBGWWXeaOU,PF255285,"부산시립국악관현악단 예술교육공연: 재밌는 국악, 신나는 국악",[꿈꾸는 예술학교] 예술교육공연 &#39;재밌는 국악 신나는 국악&#39; | 7.단소,,"[('PF275510', '재밌는 국악 신나는 국악')]",https://www.youtube.com/watch?v=FRBGWWXeaOU,low
EPwZmIhtN3E,PF255285,"부산시립국악관현악단 예술교육공연: 재밌는 국악, 신나는 국악",[꿈꾸는 예술학교] 예술교육공연 &#39;재밌는 국악 신나는 국악&#39; | 9.소금,,"[('PF275510', '재밌는 국악 신나는 국악')]",https://www.youtube.com/watch?v=EPwZmIhtN3E,low
hDb04JJ_hiM,PF255285,"부산시립국악관현악단 예술교육공연: 재밌는 국악, 신나는 국악",[꿈꾸는 예술학교] 예술교육공연 &#39;재밌는 국악 신나는 국악&#39; | 6.개량양금,,"[('PF275510', '재밌는 국악 신나는 국악')]",https://www.youtube.com/watch?v=hDb04JJ_hiM,low
kYYQo_6pV_E,PF263259,"더 어린 관객을 위한 극장, 흔들흔들 우주",ACCⅹ국립극단 &quot;더 어린 관객을 위한 극장&quot;,"[('PF288035', '봄여름가을겨울 슴숨슘'), ('PF263198', '봄여름가을겨울 슴숨슘')]","[('PF288035', '봄여름가을겨울 슴숨슘'), ('PF263198', '봄여름가을겨울 슴숨슘')]",https://www.youtube.com/watch?v=kYYQo_6pV_E,high
6XsFwZMkBW0,PF259850,"부산시립소년소녀합창단 특별연주회, Friendly Concert (프렌들리 콘서트)",[부산시립소년소녀합창단] 특별 교류연주회 Friendly Concert 프렌들리 콘서트,,"[('PF236542', 'Friendly Concert')]",https://www.youtube.com/watch?v=6XsFwZMkBW0,low
LbNi5Ts0cRU,PF284619,"부산시립소년소녀합창단 특별연주회, Friendly Concert (프렌들리 콘서트)",부산시립소년소녀합창단 특별연주회 _프렌들리 콘서트 #부산시립소년소녀합창단 #부산시립소년소녀합창단3월특별음악회 #프렌들리 콘서트 #부산문화회관중극장 #금정구소년소녀합창단#콘서트,,"[('PF236542', 'Friendly Concert')]",https://www.youtube.com/watch?v=LbNi5Ts0cRU,low
W6x_qaxjOGg,PF254074,카운터테너 이동규 리사이틀: Dream Quilter 꿈을 누비는 자 [여주],카운터테너이동규[DavidDQLee]리사이틀 〈Dream Quilter 꿈을 누비는 자〉여주 세종국악당 2024.12.21,,"[('PF247013', '꿈을 누비는 자')]",https://www.youtube.com/watch?v=W6x_qaxjOGg,low
Tt-6qRLZ2OY,PF286730,"국립극단, 그의 어머니 Mother of Him [서울]",연극 &#39;그의 어머니 Mother of Him&#39;｜하이라이트,,"[('PF253954', '그의 어머니')]",https://www.youtube.com/watch?v=Tt-6qRLZ2OY,low
LvoGe6wOkGg,PF286730,"국립극단, 그의 어머니 Mother of Him [서울]",⚖ 𝐂𝐎𝐌𝐈𝐍𝐆 𝐒𝐎𝐎𝐍｜연극 &#39;그의 어머니 Mother of Him&#39;,,"[('PF253954', '그의 어머니')]",https://www.youtube.com/watch?v=LvoGe6wOkGg,low
B1Y1sqcGZDg,PF286730,"국립극단, 그의 어머니 Mother of Him [서울]",연극 &#39;그의 어머니 Mother of Him&#39;｜작가 에반 플레이시 인터뷰,,"[('PF253954', '그의 어머니')]",https://www.youtube.com/watch?v=B1Y1sqcGZDg,low
1W3M1gbh8xE,PF286730,"국립극단, 그의 어머니 Mother of Him [서울]",⚖ 개막 𝐃-𝐃𝐀𝐘｜연극 &#39;그의 어머니 Mother of Him&#39;,,"[('PF253954', '그의 어머니')]",https://www.youtube.com/watch?v=1W3M1gbh8xE,low
qUUkPxyAQ8E,PF286730,"국립극단, 그의 어머니 Mother of Him [서울]",연극 「그의 어머니」26.04.16 커튼콜,"[('PF253954', '그의 어머니')]","[('PF253954', '그의 어머니')]",https://www.youtube.com/watch?v=qUUkPxyAQ8E,high
E2Pq_TvmTms,PF287440,"국립현대무용단, 젤리디너",국립현대무용단 &#39;젤리디너&#39;,,"[('PF275651', '서울')]",https://www.youtube.com/watch?v=E2Pq_TvmTms,low
Mo9pyuRbigc,PF245446,"국립창극단, 송년음악회: 어질더질",국립창극단 송년음악회 - 어질더질 - 토선생 용궁가다 커튼콜 241227,,"[('PF269537', '용궁가다'), ('PF263228', '토선생 용궁가다'), ('PF266164', '용궁가다'), ('PF243712', '토선생 용궁가다'), ('PF274329', '용궁가다')]",https://www.youtube.com/watch?v=Mo9pyuRbigc,low
FsLyVVS3xps,PF245446,"국립창극단, 송년음악회: 어질더질",20241227 소리꾼김준수 - 창극콘서트 토선생 용궁가다 커튼콜 인사 in 송년음악회 어질더질 (국립극장 달오름극장),,"[('PF269537', '용궁가다'), ('PF263228', '토선생 용궁가다'), ('PF266164', '용궁가다'), ('PF243712', '토선생 용궁가다'), ('PF274329', '용궁가다')]",https://www.youtube.com/watch?v=FsLyVVS3xps,low
hl-V5iQmQwM,PF245446,"국립창극단, 송년음악회: 어질더질",소리꾼김준수 - 커튼콜 | 국립창극단2025송년음악회 | 어질더질 | 국립극장 해오름 #소리꾼김준수 #김준수 #어질더질 #계속보고싶은영상 20251231,,"[('PF230602', '리어')]",https://www.youtube.com/watch?v=hl-V5iQmQwM,low
07adjnRN_E4,PF245446,"국립창극단, 송년음악회: 어질더질",MUSICAL 뮤지컬 2024 국립창극단 송년음악회 어질더질 토선생 용궁가다 커튼콜 - 유태평양/김준수/김금미/이광복/김우정/왕윤정/김수인,,"[('PF269537', '용궁가다'), ('PF263228', '토선생 용궁가다'), ('PF266164', '용궁가다'), ('PF243712', '토선생 용궁가다'), ('PF274329', '용궁가다')]",https://www.youtube.com/watch?v=07adjnRN_E4,low
RhCXrrOmgpY,PF266164,"국립창극단, 토선생, 용궁가다 [용인]",240710 토선생용궁가다 @음성 커튼콜 #소리꾼김준수,,"[('PF263228', '토선생 용궁가다'), ('PF243712', '토선생 용궁가다')]",https://www.youtube.com/watch?v=RhCXrrOmgpY,low
jPSfbkXpVMU,PF269537,"국립창극단, 토선생, 용궁가다","NTOK 청년기자단_ 국립창극단〈토선생, 용궁가다〉공연을 가다!","[('PF263228', '토선생 용궁가다'), ('PF243712', '토선생 용궁가다')]","[('PF263228', '토선생 용궁가다'), ('PF243712', '토선생 용궁가다')]",https://www.youtube.com/watch?v=jPSfbkXpVMU,high
OViDaDjmi7k,PF266164,"국립창극단, 토선생, 용궁가다 [용인]",250430 #토선생용궁가다 커튼콜 #소리꾼김준수 #소리꾼유태평양 #소리꾼이광복 #청년단원 #국립창극단,,"[('PF263228', '토선생 용궁가다'), ('PF243712', '토선생 용궁가다')]",https://www.youtube.com/watch?v=OViDaDjmi7k,low
8SNVDDmnBtE,PF266164,"국립창극단, 토선생, 용궁가다 [용인]",250501 #토선생용궁가다 @제주 막공 커튼콜 &amp; 앵콜 제주민요 너영나영 #소리꾼김준수 #소리꾼유태평양 #소리꾼이광복 #국립창극단,,"[('PF263228', '토선생 용궁가다'), ('PF243712', '토선생 용궁가다')]",https://www.youtube.com/watch?v=8SNVDDmnBtE,low
1eHFZwvjOqU,PF243712,"국립창극단, 토선생 용궁가다 [음성]",20240710 소리꾼김준수 - 창극콘서트 토선생 용궁가다 음성 커튼콜 인사 &amp; 앵콜 진도아리랑 in 음성문화예술회관,,"[('PF269537', '용궁가다'), ('PF266164', '용궁가다'), ('PF274329', '용궁가다')]",https://www.youtube.com/watch?v=1eHFZwvjOqU,low
eBKvWcDd9zU,PF243712,"국립창극단, 토선생 용궁가다 [음성]",#현역가왕2#소리꾼#김준수#창극 콘서트-토선생 용궁가다 #커튼콜#진도아리랑#소리꾼 김준수#유태평양#이광복#판소리#k팝#소리꾼#음성문화예술회관#,,"[('PF230602', '리어'), ('PF269537', '용궁가다'), ('PF266164', '용궁가다'), ('PF274329', '용궁가다')]",https://www.youtube.com/watch?v=eBKvWcDd9zU,low
BA2VQeN6XR8,PF243712,"국립창극단, 토선생 용궁가다 [음성]","240713 창극콘서트 &#39;토선생, 용궁 가다&#39; 커튼콜",,"[('PF269537', '용궁가다'), ('PF266164', '용궁가다'), ('PF274329', '용궁가다')]",https://www.youtube.com/watch?v=BA2VQeN6XR8,low
-SFB5BEW4ZM,PF243712,"국립창극단, 토선생 용궁가다 [음성]",#토선생용궁가다 #소리꾼 김준수#유태평양 #국립국악원 #판소리#창극#국악#김다현#김보곤 스승님#현역가왕2#김준수,,"[('PF230602', '리어'), ('PF269537', '용궁가다'), ('PF266164', '용궁가다'), ('PF274329', '용궁가다')]",https://www.youtube.com/watch?v=-SFB5BEW4ZM,low
48O5bCfCaaE,PF266164,"국립창극단, 토선생, 용궁가다 [용인]",240710 #토선생용궁가다 @음성 앵콜 #소리꾼김준수 외 #국립창극단,,"[('PF263228', '토선생 용궁가다'), ('PF243712', '토선생 용궁가다')]",https://www.youtube.com/watch?v=48O5bCfCaaE,low
1uk5WaCBdFA,PF257791,이희문 프로젝트: 오방신과 스팽글 [안성],[앵앵콜] 이희문 &#39;지화자 좋아&#39; (임을 그려 애태우다가~) ㅣ안성맞춤아트홀 (250222),,"[('PF288988', '오방신과')]",https://www.youtube.com/watch?v=1uk5WaCBdFA,low
oOQmODBQBBw,PF274125,"국립남도국악원 토요상설, 국악이 좋다: 채정례본 진도씻김굿",251025 토요상설공연 진도 삼례 시리즈 3 “채정례 탄생 100주년 기획공연 ‘채정례를 기억하다-채정례본 진도씻김굿’”,,"[('PF287666', '씻김굿')]",https://www.youtube.com/watch?v=oOQmODBQBBw,low
KFBqz6pqZpI,PF279311,"국립극단, 반야 아재",연극 데뷔 이서진·고아성 &#39;바냐삼촌&#39;이 빵 터지는 이유 | 안톤 체호프 | 반야 아재 | 심은경 | 조성하 | 모자무싸 | 나의 해방일지 | 나의 아저씨 | 햄릿,,"[('PF242516', '햄릿')]",https://www.youtube.com/watch?v=KFBqz6pqZpI,low
M1j0ROmfBAg,PF284423,"국립현대무용단, 머스탱과 개꿈",국립현대무용단 &#39;머스탱과 개꿈&#39;,,"[('PF275651', '서울')]",https://www.youtube.com/watch?v=M1j0ROmfBAg,low
F8Y2jSRu5TQ,PF264117,국립국악원 창작악단 기획공연: 연주자 그리고 작곡가 Ⅱ,(5/30)〈연주자 그리고 작곡가 II〉- 철현금 협주곡〈Climb: 내면을 향한 여정〉 (작곡·협연_류경화),,"[('PF240772', '연주자 그리고 작곡가')]",https://www.youtube.com/watch?v=F8Y2jSRu5TQ,low
O4HW2tSGSXs,PF264117,국립국악원 창작악단 기획공연: 연주자 그리고 작곡가 Ⅱ,(5/30)〈 연주자 그리고 작곡가 II〉- 대금 협주곡〈은하수〉(작곡·협연_정소희),,"[('PF240772', '연주자 그리고 작곡가'), ('PF262024', '수작')]",https://www.youtube.com/watch?v=O4HW2tSGSXs,low
FesC3Xp6U5w,PF264117,국립국악원 창작악단 기획공연: 연주자 그리고 작곡가 Ⅱ,(5/30) 〈연주자 그리고 작곡가 II〉 - 12현 소아쟁 협주곡 〈파도〉(작곡·협연_김선제),,"[('PF240772', '연주자 그리고 작곡가')]",https://www.youtube.com/watch?v=FesC3Xp6U5w,low
RrfeOV1yMhc,PF258959,"국립현대무용단, 인잇: 보이지 않는 것",새로운 춤의 공존을 선보이는 무대ㅣ국립현대무용단〈인잇: 보이지 않는 것〉ㅣ3.21-23ㅣ예술의전당 CJ 토월극장,,"[('PF230611', '인잇')]",https://www.youtube.com/watch?v=RrfeOV1yMhc,low
65zcpBmKVgg,PF258959,"국립현대무용단, 인잇: 보이지 않는 것",새로운 춤의 공존ㅣ국립현대무용단〈인잇: 보이지 않는 것〉ㅣ3.21-23ㅣ예술의전당 CJ 토월극장,,"[('PF230611', '인잇')]",https://www.youtube.com/watch?v=65zcpBmKVgg,low
Q9mp9-z2tHs,PF258959,"국립현대무용단, 인잇: 보이지 않는 것",DANCE ﻿무용극 인잇 보이지 않는 것﻿ 커튼콜 - ﻿국립현대무용단,,"[('PF230611', '인잇')]",https://www.youtube.com/watch?v=Q9mp9-z2tHs,low
vj-ZPoGFIZ4,PF269619,"국립무용단, 안무가 프로젝트",#국립무용단 #안무가프로젝트 #박수윤 #안무 #죽페스 #한국무용,,"[('PF279326', '축제')]",https://www.youtube.com/watch?v=vj-ZPoGFIZ4,low
F0vq2wF6HRM,PF269619,"국립무용단, 안무가 프로젝트",#국립무용단 #2025안무가프로젝트 #박수윤 #죽페스,,"[('PF279326', '축제')]",https://www.youtube.com/watch?v=F0vq2wF6HRM,low
jgt8ZhvCpyk,PF248278,이희문 프로젝트: 오방신과 스팽글 [대구],[대구]#이희문 프로젝트 오방신과 스팽글 2024.10.19 #nana_music,,"[('PF288988', '오방신과')]",https://www.youtube.com/watch?v=jgt8ZhvCpyk,low
xx2QYqqKnyg,PF248278,이희문 프로젝트: 오방신과 스팽글 [대구],이희문 프로젝트 공연 후,,"[('PF288988', '오방신과')]",https://www.youtube.com/watch?v=xx2QYqqKnyg,low
fWXxRmpo_vU,PF279328,"국립창극단, 절창 Ⅵ",국립창극단 ‘절창Ⅵ’ | 인터뷰 Interview,,"[('PF269547', '심청')]",https://www.youtube.com/watch?v=fWXxRmpo_vU,low
_Dco57Ef7rE,PF245071,"국립현대무용단, 코레오 커넥션 3: 어린이 무용 얍! 얍! 얍! [세종]",[#shorts] 세홍이가 소개하는 10월 첫째주 세종시 문화예술 소식🧡,,"[('PF238655', '얍! 얍! 얍!'), ('PF261980', '얍! 얍! 얍!'), ('PF251353', '얍! 얍! 얍!'), ('PF286382', '얍! 얍! 얍!'), ('PF258014', '얍! 얍! 얍!'), ('PF264191', '얍! 얍! 얍!'), ('PF269581', '코레오 커넥션'), ('PF262108', '얍! 얍! 얍!'), ('PF257339', '얍! 얍! 얍!'), ('PF260944', '얍! 얍! 얍!'), ('PF287990', '얍! 얍! 얍!'), ('PF290570', '얍! 얍! 얍!')]",https://www.youtube.com/watch?v=_Dco57Ef7rE,low
Xzvyb4vxnzs,PF286382,"국립현대무용단, 얍! 얍! 얍! [창원]",&#39;얍! 얍! 얍!&#39; 어린이날 특별 초대 메시지 💌,,"[('PF245071', '어린이 무용 얍! 얍! 얍!')]",https://www.youtube.com/watch?v=Xzvyb4vxnzs,low
uP1FNBPvat8,PF269558,"국립무용단, 거장의 숨결 Ⅱ: 김현자, 조흥동 [서울]",[4K] 251221 국립무용단 거장의 숨결2 매화를 바라보다 커튼콜 ,,"[('PF269631', '국수호')]",https://www.youtube.com/watch?v=uP1FNBPvat8,low
LaNSHFd6ARo,PF257847,"서울시국악관현악단, 믹스드 오케스트라: 넥스트 레벨",국악 X 오케스트라,,"[('PF282099', '믹스드 오케스트라')]",https://www.youtube.com/watch?v=LaNSHFd6ARo,low
EQLZH2T4qP4,PF257847,"서울시국악관현악단, 믹스드 오케스트라: 넥스트 레벨",서울시국악관현악단 상주작곡가 김현섭 ‘한양 굿 주제에 의한 국악관현악 대안주(大按酒)’ | 세종문화회관,,"[('PF282099', '믹스드 오케스트라')]",https://www.youtube.com/watch?v=EQLZH2T4qP4,low
jS1OYljMIOY,PF257847,"서울시국악관현악단, 믹스드 오케스트라: 넥스트 레벨",[EVENT] 중전의 출근길👑 중전 뱃지 증정 이벤트 공지 | 세종문화회관,,"[('PF282099', '믹스드 오케스트라')]",https://www.youtube.com/watch?v=jS1OYljMIOY,low
AQjjH2AIpxg,PF257847,"서울시국악관현악단, 믹스드 오케스트라: 넥스트 레벨",서울시국악관현악단 상주작곡가 이고운 ‘국악관현악을 위한 무천(舞天)’ | 세종문화회관,,"[('PF282099', '믹스드 오케스트라')]",https://www.youtube.com/watch?v=AQjjH2AIpxg,low
nUrogAP_MNE,PF257847,"서울시국악관현악단, 믹스드 오케스트라: 넥스트 레벨",[playlist] 깨어나보니 내가 북부장군의 최애 말?,,"[('PF282099', '믹스드 오케스트라')]",https://www.youtube.com/watch?v=nUrogAP_MNE,low
IOffk7tLNP4,PF257847,"서울시국악관현악단, 믹스드 오케스트라: 넥스트 레벨",작곡가 장석진 X 거문고 박다울의 만남💫 거문고 협주곡 Axiom | 세종문화회관,,"[('PF282099', '믹스드 오케스트라')]",https://www.youtube.com/watch?v=IOffk7tLNP4,low
T6nxDIr0X7A,PF257847,"서울시국악관현악단, 믹스드 오케스트라: 넥스트 레벨","[국악무대] 거문고 협주곡 (작곡_장석진, 거문고_박다울)",,"[('PF282099', '믹스드 오케스트라')]",https://www.youtube.com/watch?v=T6nxDIr0X7A,low
Fg36TWvMrj0,PF257847,"서울시국악관현악단, 믹스드 오케스트라: 넥스트 레벨",[국악무대] 만춘곡 (작곡_지영희),,"[('PF282099', '믹스드 오케스트라')]",https://www.youtube.com/watch?v=Fg36TWvMrj0,low
1vVU-OrQCxo,PF269744,"국립창극단, 송년음악회: 어질더질",#김준수 #송년음악회 20251231 국립창극단송년음악회어질더질#소리꾼김준수#국악인김준수#국립창극단송년음악회#어질더질#베니스의상인들#어질더질커튼콜,,"[('PF253959', '베니스의 상인들')]",https://www.youtube.com/watch?v=1vVU-OrQCxo,low
